Contract ID,Plan ID,Organization Type,Plan Type,Offers Part D,SNP Plan,EGHP,Organization Name,Organization Marketing Name,Plan Name,Parent Organization,Contract Effective Date
H0292,001,Local CCP,HMO/HMOPOS,Yes,No,No,"HUMANA HEALTH PLAN OF OHIO, INC.",Humana,Humana Community (HMO),Humana Inc.,01/01/2019
H0292,002,Local CCP,HMO/HMOPOS,Yes,No,No,"HUMANA HEALTH PLAN OF OHIO, INC.",Humana,Humana Gold Plus H0292-002 (HMO),Humana Inc.,01/01/2019
H0292,003,Local CCP,HMO/HMOPOS,Yes,No,No,"HUMANA HEALTH PLAN OF OHIO, INC.",Humana,Humana Gold Plus H0292-003 (HMO),Humana Inc.,01/01/2019
H0628,001,Local CCP,HMO/HMOPOS,Yes,No,No,AETNA HEALTH OF OHIO INC.,Aetna Medicare,Aetna Medicare Signature Care (HMO-POS),CVS Health Corporation,01/01/2020
H0628,003,Local CCP,HMO/HMOPOS,Yes,No,No,AETNA HEALTH OF OHIO INC.,Aetna Medicare,Aetna Medicare Signature Extra (HMO-POS),CVS Health Corporation,01/01/2020
H0628,005,Local CCP,HMO/HMOPOS,Yes,No,No,AETNA HEALTH OF OHIO INC.,Aetna Medicare,Aetna Medicare Signature Care (HMO-POS),CVS Health Corporation,01/01/2020
H0628,007,Local CCP,HMO/HMOPOS,Yes,No,No,AETNA HEALTH OF OHIO INC.,Aetna Medicare,Aetna Medicare Signature Extra (HMO-POS),CVS Health Corporation,01/01/2020
H0628,008,Local CCP,HMO/HMOPOS,Yes,No,No,AETNA HEALTH OF OHIO INC.,Aetna Medicare,Aetna Medicare Signature (HMO-POS),CVS Health Corporation,01/01/2020
H0628,010,Local CCP,HMO/HMOPOS,Yes,No,No,AETNA HEALTH OF OHIO INC.,Aetna Medicare,Aetna Medicare Signature (HMO-POS),CVS Health Corporation,01/01/2020
H0628,012,Local CCP,HMO/HMOPOS,Yes,Yes,No,AETNA HEALTH OF OHIO INC.,Aetna Medicare,Aetna Medicare HIDE (HMO D-SNP),CVS Health Corporation,01/01/2020
H0628,013,Local CCP,HMO/HMOPOS,Yes,Yes,No,AETNA HEALTH OF OHIO INC.,Aetna Medicare,Aetna Medicare Dual Care (HMO D-SNP),CVS Health Corporation,01/01/2020
H0628,017,Local CCP,HMO/HMOPOS,Yes,No,No,AETNA HEALTH OF OHIO INC.,Aetna Medicare,Aetna Medicare Signature Care (HMO-POS),CVS Health Corporation,01/01/2020
H0628,018,Local CCP,HMO/HMOPOS,Yes,Yes,No,AETNA HEALTH OF OHIO INC.,Aetna Medicare,Aetna Medicare Longevity (HMO I-SNP),CVS Health Corporation,01/01/2020
H0628,019,Local CCP,HMO/HMOPOS,Yes,No,No,AETNA HEALTH OF OHIO INC.,Aetna Medicare,Aetna Medicare Enhanced (HMO-POS),CVS Health Corporation,01/01/2020
H0628,021,Local CCP,HMO/HMOPOS,Yes,No,No,AETNA HEALTH OF OHIO INC.,Aetna Medicare,Aetna Medicare Signature (HMO-POS),CVS Health Corporation,01/01/2020
H0628,024,Local CCP,HMO/HMOPOS,Yes,No,No,AETNA HEALTH OF OHIO INC.,Aetna Medicare,Aetna Medicare Signature (HMO-POS),CVS Health Corporation,01/01/2020
H0628,027,Local CCP,HMO/HMOPOS,Yes,No,No,AETNA HEALTH OF OHIO INC.,Aetna Medicare,Aetna Medicare Enhanced (HMO-POS),CVS Health Corporation,01/01/2020
H0628,031,Local CCP,HMO/HMOPOS,Yes,Yes,No,AETNA HEALTH OF OHIO INC.,Aetna Medicare,Aetna Medicare Chronic Care Total (HMO C-SNP),CVS Health Corporation,01/01/2020
H0628,032,Local CCP,HMO/HMOPOS,Yes,Yes,No,AETNA HEALTH OF OHIO INC.,Aetna Medicare,Aetna Medicare Chronic Care Total (HMO C-SNP),CVS Health Corporation,01/01/2020
H0628,033,Local CCP,HMO/HMOPOS,Yes,Yes,No,AETNA HEALTH OF OHIO INC.,Aetna Medicare,Aetna Medicare Chronic Care Total (HMO C-SNP),CVS Health Corporation,01/01/2020
H0628,034,Local CCP,HMO/HMOPOS,Yes,Yes,No,AETNA HEALTH OF OHIO INC.,Aetna Medicare,Aetna Medicare Chronic Care Total (HMO C-SNP),CVS Health Corporation,01/01/2020
H0628,035,Local CCP,HMO/HMOPOS,Yes,Yes,No,AETNA HEALTH OF OHIO INC.,Aetna Medicare,Aetna Medicare Chronic Care Total (HMO C-SNP),CVS Health Corporation,01/01/2020
H0628,036,Local CCP,HMO/HMOPOS,Yes,Yes,No,AETNA HEALTH OF OHIO INC.,Aetna Medicare,Aetna Medicare Chronic Care (HMO C-SNP),CVS Health Corporation,01/01/2020
H0628,037,Local CCP,HMO/HMOPOS,Yes,Yes,No,AETNA HEALTH OF OHIO INC.,Aetna Medicare,Aetna Medicare Chronic Care (HMO C-SNP),CVS Health Corporation,01/01/2020
H0628,038,Local CCP,HMO/HMOPOS,Yes,Yes,No,AETNA HEALTH OF OHIO INC.,Aetna Medicare,Aetna Medicare Chronic Care (HMO C-SNP),CVS Health Corporation,01/01/2020
H0628,039,Local CCP,HMO/HMOPOS,Yes,Yes,No,AETNA HEALTH OF OHIO INC.,Aetna Medicare,Aetna Medicare Chronic Care (HMO C-SNP),CVS Health Corporation,01/01/2020
H0628,040,Local CCP,HMO/HMOPOS,Yes,Yes,No,AETNA HEALTH OF OHIO INC.,Aetna Medicare,Aetna Medicare Partial Dual (HMO D-SNP),CVS Health Corporation,01/01/2020
H0628,041,Local CCP,HMO/HMOPOS,Yes,Yes,No,AETNA HEALTH OF OHIO INC.,Aetna Medicare,Aetna Medicare Partial Dual (HMO D-SNP),CVS Health Corporation,01/01/2020
H0628,801,Local CCP,HMO/HMOPOS,No,No,Yes,AETNA HEALTH OF OHIO INC.,Aetna Medicare,Aetna Medicare Plan (HMO),CVS Health Corporation,01/01/2020
H0672,005,Local CCP,HMO/HMOPOS,Yes,No,No,"HEALTHSPRING HEALTHCARE OF COLORADO, INC.",HealthSpring,HealthSpring Preferred (HMO),Health Care Service Corporation,01/01/2020
H0672,006,Local CCP,HMO/HMOPOS,Yes,No,No,"HEALTHSPRING HEALTHCARE OF COLORADO, INC.",HealthSpring,HealthSpring Preferred (HMO),Health Care Service Corporation,01/01/2020
H0672,009,Local CCP,HMO/HMOPOS,Yes,Yes,No,"HEALTHSPRING HEALTHCARE OF COLORADO, INC.",HealthSpring,HealthSpring TotalCare (HMO D-SNP),Health Care Service Corporation,01/01/2020
H0672,010,Local CCP,HMO/HMOPOS,Yes,Yes,No,"HEALTHSPRING HEALTHCARE OF COLORADO, INC.",HealthSpring,HealthSpring TotalCare Plus (HMO D-SNP),Health Care Service Corporation,01/01/2020
H0672,013,Local CCP,HMO/HMOPOS,Yes,No,No,"HEALTHSPRING HEALTHCARE OF COLORADO, INC.",HealthSpring,HealthSpring Preferred (HMO),Health Care Service Corporation,01/01/2020
H0672,015,Local CCP,HMO/HMOPOS,Yes,Yes,No,"HEALTHSPRING HEALTHCARE OF COLORADO, INC.",HealthSpring,HealthSpring TotalCare (HMO D-SNP),Health Care Service Corporation,01/01/2020
H0672,016,Local CCP,HMO/HMOPOS,Yes,No,No,"HEALTHSPRING HEALTHCARE OF COLORADO, INC.",HealthSpring,HealthSpring Preferred Savings (HMO),Health Care Service Corporation,01/01/2020
H0672,017,Local CCP,HMO/HMOPOS,Yes,No,No,"HEALTHSPRING HEALTHCARE OF COLORADO, INC.",HealthSpring,HealthSpring Preferred Savings (HMO),Health Care Service Corporation,01/01/2020
H0672,018,Local CCP,HMO/HMOPOS,Yes,Yes,No,"HEALTHSPRING HEALTHCARE OF COLORADO, INC.",HealthSpring,HealthSpring TotalCare Plus (HMO D-SNP),Health Care Service Corporation,01/01/2020
H0672,024,Local CCP,HMO/HMOPOS,Yes,No,No,"HEALTHSPRING HEALTHCARE OF COLORADO, INC.",HealthSpring,HealthSpring Preferred (HMO),Health Care Service Corporation,01/01/2020
H0672,801,Local CCP,HMO/HMOPOS,Yes,No,Yes,"HEALTHSPRING HEALTHCARE OF COLORADO, INC.",HealthSpring,HealthSpring Preferred (HMO),Health Care Service Corporation,01/01/2020
H1036,025,Local CCP,HMO/HMOPOS,Yes,No,No,"HUMANA MEDICAL PLAN, INC.",Humana,Humana Gold Plus H1036-025 (HMO),Humana Inc.,02/01/1986
H1036,044,Local CCP,HMO/HMOPOS,Yes,No,No,"HUMANA MEDICAL PLAN, INC.",Humana,Humana Gold Plus H1036-044 (HMO),Humana Inc.,02/01/1986
H1036,054,Local CCP,HMO/HMOPOS,Yes,No,No,"HUMANA MEDICAL PLAN, INC.",Humana,Humana Gold Plus H1036-054C (HMO),Humana Inc.,02/01/1986
H1036,062,Local CCP,HMO/HMOPOS,Yes,No,No,"HUMANA MEDICAL PLAN, INC.",Humana,Humana Gold Plus H1036-062C (HMO),Humana Inc.,02/01/1986
H1036,065,Local CCP,HMO/HMOPOS,Yes,No,No,"HUMANA MEDICAL PLAN, INC.",Humana,Humana Gold Plus H1036-065C (HMO),Humana Inc.,02/01/1986
H1036,068,Local CCP,HMO/HMOPOS,Yes,No,No,"HUMANA MEDICAL PLAN, INC.",Humana,Humana Gold Plus H1036-068 (HMO),Humana Inc.,02/01/1986
H1036,074,Local CCP,HMO/HMOPOS,Yes,No,No,"HUMANA MEDICAL PLAN, INC.",Humana,Humana Gold Plus H1036-074 (HMO),Humana Inc.,02/01/1986
H1036,077,Local CCP,HMO/HMOPOS,Yes,Yes,No,"HUMANA MEDICAL PLAN, INC.",Humana,Humana Gold Plus SNP-DE H1036-077A (HMO D-SNP),Humana Inc.,02/01/1986
H1036,102,Local CCP,HMO/HMOPOS,Yes,Yes,No,"HUMANA MEDICAL PLAN, INC.",Humana,Humana Gold Plus SNP-DE H1036-102 (HMO D-SNP),Humana Inc.,02/01/1986
H1036,119,Local CCP,HMO/HMOPOS,No,No,No,"HUMANA MEDICAL PLAN, INC.",Humana,Humana USAA Honor Giveback (HMO),Humana Inc.,02/01/1986
H1036,121,Local CCP,HMO/HMOPOS,Yes,Yes,No,"HUMANA MEDICAL PLAN, INC.",Humana,Humana Gold Plus - Diabetes and Heart (HMO C-SNP),Humana Inc.,02/01/1986
H1036,137,Local CCP,HMO/HMOPOS,Yes,No,No,"HUMANA MEDICAL PLAN, INC.",Humana,Humana Gold Plus H1036-137 (HMO-POS),Humana Inc.,02/01/1986
H1036,143,Local CCP,HMO/HMOPOS,Yes,No,No,"HUMANA MEDICAL PLAN, INC.",Humana,Humana Total Complete H1036-143 (HMO),Humana Inc.,02/01/1986
H1036,146,Local CCP,HMO/HMOPOS,Yes,No,No,"HUMANA MEDICAL PLAN, INC.",Humana,Humana Gold Plus H1036-146 (HMO),Humana Inc.,02/01/1986
H1036,151,Local CCP,HMO/HMOPOS,Yes,No,No,"HUMANA MEDICAL PLAN, INC.",Humana,Humana Gold Plus H1036-151 (HMO),Humana Inc.,02/01/1986
H1036,153,Local CCP,HMO/HMOPOS,Yes,No,No,"HUMANA MEDICAL PLAN, INC.",Humana,Humana Gold Plus H1036-153 (HMO),Humana Inc.,02/01/1986
H1036,157,Local CCP,HMO/HMOPOS,Yes,No,No,"HUMANA MEDICAL PLAN, INC.",Humana,Humana Gold Plus Giveback H1036-157 (HMO),Humana Inc.,02/01/1986
H1036,167,Local CCP,HMO/HMOPOS,Yes,Yes,No,"HUMANA MEDICAL PLAN, INC.",Humana,Humana Gold Plus SNP-DE H1036-167 (HMO D-SNP),Humana Inc.,02/01/1986
H1036,209,Local CCP,HMO/HMOPOS,Yes,Yes,No,"HUMANA MEDICAL PLAN, INC.",Humana,Humana Gold Plus SNP-DE H1036-209 (HMO D-SNP),Humana Inc.,02/01/1986
H1036,210,Local CCP,HMO/HMOPOS,Yes,Yes,No,"HUMANA MEDICAL PLAN, INC.",Humana,Humana Gold Plus SNP-DE H1036-210 (HMO D-SNP),Humana Inc.,02/01/1986
H1036,213,Local CCP,HMO/HMOPOS,Yes,Yes,No,"HUMANA MEDICAL PLAN, INC.",Humana,Humana Gold Plus SNP-DE H1036-213 (HMO D-SNP),Humana Inc.,02/01/1986
H1036,214,Local CCP,HMO/HMOPOS,Yes,Yes,No,"HUMANA MEDICAL PLAN, INC.",Humana,Humana Gold Plus SNP-DE H1036-214 (HMO D-SNP),Humana Inc.,02/01/1986
H1036,217,Local CCP,HMO/HMOPOS,Yes,No,No,"HUMANA MEDICAL PLAN, INC.",Humana,Humana Gold Plus H1036-217 (HMO),Humana Inc.,02/01/1986
H1036,222,Local CCP,HMO/HMOPOS,Yes,Yes,No,"HUMANA MEDICAL PLAN, INC.",Humana,Humana Gold Plus SNP-DE H1036-222 (HMO D-SNP),Humana Inc.,02/01/1986
H1036,226,Local CCP,HMO/HMOPOS,Yes,Yes,No,"HUMANA MEDICAL PLAN, INC.",Humana,Humana Gold Plus SNP-DE H1036-226 (HMO D-SNP),Humana Inc.,02/01/1986
H1036,229,Local CCP,HMO/HMOPOS,Yes,No,No,"HUMANA MEDICAL PLAN, INC.",Humana,Humana Gold Plus H1036-229 (HMO),Humana Inc.,02/01/1986
H1036,230,Local CCP,HMO/HMOPOS,Yes,No,No,"HUMANA MEDICAL PLAN, INC.",Humana,Humana Gold Plus H1036-230 (HMO),Humana Inc.,02/01/1986
H1036,233,Local CCP,HMO/HMOPOS,Yes,No,No,"HUMANA MEDICAL PLAN, INC.",Humana,Humana Gold Plus H1036-233 (HMO-POS),Humana Inc.,02/01/1986
H1036,234,Local CCP,HMO/HMOPOS,Yes,Yes,No,"HUMANA MEDICAL PLAN, INC.",Humana,Humana Community HMO Diabetes and Heart (HMO C-SNP),Humana Inc.,02/01/1986
H1036,235,Local CCP,HMO/HMOPOS,Yes,Yes,No,"HUMANA MEDICAL PLAN, INC.",Humana,Humana Community HMO SNP-DE (HMO D-SNP),Humana Inc.,02/01/1986
H1036,236,Local CCP,HMO/HMOPOS,Yes,No,No,"HUMANA MEDICAL PLAN, INC.",Humana,Humana Community (HMO),Humana Inc.,02/01/1986
H1036,265,Local CCP,HMO/HMOPOS,Yes,No,No,"HUMANA MEDICAL PLAN, INC.",Humana,Humana Gold Plus Giveback H1036-265 (HMO),Humana Inc.,02/01/1986
H1036,266,Local CCP,HMO/HMOPOS,Yes,No,No,"HUMANA MEDICAL PLAN, INC.",Humana,Humana Gold Plus Giveback H1036-266 (HMO),Humana Inc.,02/01/1986
H1036,269,Local CCP,HMO/HMOPOS,Yes,No,No,"HUMANA MEDICAL PLAN, INC.",Humana,Humana Gold Plus Giveback H1036-269 (HMO),Humana Inc.,02/01/1986
H1036,270,Local CCP,HMO/HMOPOS,Yes,No,No,"HUMANA MEDICAL PLAN, INC.",Humana,Humana Gold Plus Giveback H1036-270 (HMO),Humana Inc.,02/01/1986
H1036,271,Local CCP,HMO/HMOPOS,Yes,No,No,"HUMANA MEDICAL PLAN, INC.",Humana,Humana Essentials Plus Giveback H1036-271 (HMO),Humana Inc.,02/01/1986
H1036,278,Local CCP,HMO/HMOPOS,Yes,No,No,"HUMANA MEDICAL PLAN, INC.",Humana,Humana Gold Plus Giveback H1036-278 (HMO),Humana Inc.,02/01/1986
H1036,279,Local CCP,HMO/HMOPOS,No,No,No,"HUMANA MEDICAL PLAN, INC.",Humana,Humana USAA Honor Giveback (HMO),Humana Inc.,02/01/1986
H1036,280,Local CCP,HMO/HMOPOS,Yes,Yes,No,"HUMANA MEDICAL PLAN, INC.",Humana,Humana Fully Integrated H1036-280 (HMO D-SNP),Humana Inc.,02/01/1986
H1036,285,Local CCP,HMO/HMOPOS,Yes,Yes,No,"HUMANA MEDICAL PLAN, INC.",Humana,Humana Gold Plus SNP-DE H1036-285 (HMO D-SNP),Humana Inc.,02/01/1986
H1036,286,Local CCP,HMO/HMOPOS,Yes,No,No,"HUMANA MEDICAL PLAN, INC.",Humana,Humana Gold Plus Giveback H1036-286 (HMO),Humana Inc.,02/01/1986
H1036,290,Local CCP,HMO/HMOPOS,No,No,No,"HUMANA MEDICAL PLAN, INC.",Humana,Humana USAA Honor Giveback (HMO),Humana Inc.,02/01/1986
H1036,292,Local CCP,HMO/HMOPOS,Yes,Yes,No,"HUMANA MEDICAL PLAN, INC.",Humana,Humana Gold Plus - Diabetes and Heart (HMO C-SNP),Humana Inc.,02/01/1986
H1036,297,Local CCP,HMO/HMOPOS,Yes,Yes,No,"HUMANA MEDICAL PLAN, INC.",Humana,Humana Gold Plus Lung (HMO C-SNP),Humana Inc.,02/01/1986
H1036,298,Local CCP,HMO/HMOPOS,Yes,Yes,No,"HUMANA MEDICAL PLAN, INC.",Humana,Humana Gold Plus Lung (HMO C-SNP),Humana Inc.,02/01/1986
H1036,299,Local CCP,HMO/HMOPOS,Yes,Yes,No,"HUMANA MEDICAL PLAN, INC.",Humana,Humana Gold Plus - Diabetes and Heart (HMO C-SNP),Humana Inc.,02/01/1986
H1036,300,Local CCP,HMO/HMOPOS,Yes,Yes,No,"HUMANA MEDICAL PLAN, INC.",Humana,Humana Gold Plus - Diabetes and Heart (HMO C-SNP),Humana Inc.,02/01/1986
H1036,301,Local CCP,HMO/HMOPOS,Yes,Yes,No,"HUMANA MEDICAL PLAN, INC.",Humana,Humana Gold Plus - Diabetes and Heart (HMO C-SNP),Humana Inc.,02/01/1986
H1036,302,Local CCP,HMO/HMOPOS,Yes,Yes,No,"HUMANA MEDICAL PLAN, INC.",Humana,Humana Gold Plus - Diabetes and Heart (HMO C-SNP),Humana Inc.,02/01/1986
H1036,304,Local CCP,HMO/HMOPOS,Yes,Yes,No,"HUMANA MEDICAL PLAN, INC.",Humana,Humana Gold Plus SNP-DE H1036-304 (HMO D-SNP),Humana Inc.,02/01/1986
H1036,305,Local CCP,HMO/HMOPOS,Yes,No,No,"HUMANA MEDICAL PLAN, INC.",Humana,Humana Gold Plus Giveback H1036-305 (HMO),Humana Inc.,02/01/1986
H1036,306,Local CCP,HMO/HMOPOS,Yes,Yes,No,"HUMANA MEDICAL PLAN, INC.",Humana,Humana Gold Plus - Diabetes and Heart (HMO C-SNP),Humana Inc.,02/01/1986
H1036,307,Local CCP,HMO/HMOPOS,Yes,Yes,No,"HUMANA MEDICAL PLAN, INC.",Humana,Humana Dual Select H1036-307 (HMO D-SNP),Humana Inc.,02/01/1986
H1036,308,Local CCP,HMO/HMOPOS,Yes,Yes,No,"HUMANA MEDICAL PLAN, INC.",Humana,Humana Gold Plus - Diabetes and Heart (HMO C-SNP),Humana Inc.,02/01/1986
H1036,310,Local CCP,HMO/HMOPOS,Yes,Yes,No,"HUMANA MEDICAL PLAN, INC.",Humana,Humana Gold Plus Lung (HMO C-SNP),Humana Inc.,02/01/1986
H1036,311,Local CCP,HMO/HMOPOS,Yes,Yes,No,"HUMANA MEDICAL PLAN, INC.",Humana,Humana Gold Plus - Diabetes and Heart (HMO C-SNP),Humana Inc.,02/01/1986
H1036,312,Local CCP,HMO/HMOPOS,Yes,Yes,No,"HUMANA MEDICAL PLAN, INC.",Humana,Humana Gold Plus Lung (HMO C-SNP),Humana Inc.,02/01/1986
H1036,313,Local CCP,HMO/HMOPOS,Yes,Yes,No,"HUMANA MEDICAL PLAN, INC.",Humana,Humana Gold Plus Lung (HMO C-SNP),Humana Inc.,02/01/1986
H1036,314,Local CCP,HMO/HMOPOS,Yes,Yes,No,"HUMANA MEDICAL PLAN, INC.",Humana,Humana Gold Plus SNP-DE H1036-314 (HMO D-SNP),Humana Inc.,02/01/1986
H1036,315,Local CCP,HMO/HMOPOS,Yes,Yes,No,"HUMANA MEDICAL PLAN, INC.",Humana,Humana Gold Plus Lung (HMO C-SNP),Humana Inc.,02/01/1986
H1036,316,Local CCP,HMO/HMOPOS,Yes,Yes,No,"HUMANA MEDICAL PLAN, INC.",Humana,Humana Gold Plus Lung (HMO C-SNP),Humana Inc.,02/01/1986
H1036,317,Local CCP,HMO/HMOPOS,Yes,Yes,No,"HUMANA MEDICAL PLAN, INC.",Humana,Humana Gold Plus - Diabetes and Heart (HMO C-SNP),Humana Inc.,02/01/1986
H1036,318,Local CCP,HMO/HMOPOS,Yes,No,No,"HUMANA MEDICAL PLAN, INC.",Humana,Humana Gold Plus Giveback H1036-318 (HMO-POS),Humana Inc.,02/01/1986
H1036,319,Local CCP,HMO/HMOPOS,Yes,No,No,"HUMANA MEDICAL PLAN, INC.",Humana,Humana Gold Plus Giveback H1036-319 (HMO),Humana Inc.,02/01/1986
H1036,320,Local CCP,HMO/HMOPOS,Yes,Yes,No,"HUMANA MEDICAL PLAN, INC.",Humana,Humana Gold Plus SNP-DE H1036-320 (HMO D-SNP),Humana Inc.,02/01/1986
H1036,321,Local CCP,HMO/HMOPOS,Yes,No,No,"HUMANA MEDICAL PLAN, INC.",Humana,Humana Gold Plus H1036-321 (HMO),Humana Inc.,02/01/1986
H1036,322,Local CCP,HMO/HMOPOS,Yes,No,No,"HUMANA MEDICAL PLAN, INC.",Humana,Humana Gold Plus H1036-322 (HMO),Humana Inc.,02/01/1986
H1036,323,Local CCP,HMO/HMOPOS,Yes,No,No,"HUMANA MEDICAL PLAN, INC.",Humana,Humana Gold Plus Giveback H1036-323 (HMO),Humana Inc.,02/01/1986
H1036,324,Local CCP,HMO/HMOPOS,Yes,Yes,No,"HUMANA MEDICAL PLAN, INC.",Humana,Humana Gold Plus SNP-DE H1036-324 (HMO D-SNP),Humana Inc.,02/01/1986
H1036,325,Local CCP,HMO/HMOPOS,Yes,Yes,No,"HUMANA MEDICAL PLAN, INC.",Humana,Humana Gold Plus SNP-DE H1036-325 (HMO D-SNP),Humana Inc.,02/01/1986
H1036,326,Local CCP,HMO/HMOPOS,Yes,Yes,No,"HUMANA MEDICAL PLAN, INC.",Humana,Humana Gold Plus SNP-DE H1036-326 (HMO D-SNP),Humana Inc.,02/01/1986
H1036,327,Local CCP,HMO/HMOPOS,Yes,No,No,"HUMANA MEDICAL PLAN, INC.",Humana,Humana Gold Plus H1036-327 (HMO),Humana Inc.,02/01/1986
H1036,328,Local CCP,HMO/HMOPOS,Yes,Yes,No,"HUMANA MEDICAL PLAN, INC.",Humana,Humana Gold Plus SNP-DE H1036-328 (HMO D-SNP),Humana Inc.,02/01/1986
H1036,329,Local CCP,HMO/HMOPOS,Yes,Yes,No,"HUMANA MEDICAL PLAN, INC.",Humana,Humana Dual Select H1036-329 (HMO D-SNP),Humana Inc.,02/01/1986
H1036,330,Local CCP,HMO/HMOPOS,Yes,Yes,No,"HUMANA MEDICAL PLAN, INC.",Humana,Humana Gold Plus Chronic Kidney Disease (HMO C-SNP),Humana Inc.,02/01/1986
H1036,331,Local CCP,HMO/HMOPOS,Yes,Yes,No,"HUMANA MEDICAL PLAN, INC.",Humana,Humana Gold Plus SNP-DE H1036-331 (HMO D-SNP),Humana Inc.,02/01/1986
H1036,332,Local CCP,HMO/HMOPOS,Yes,No,No,"HUMANA MEDICAL PLAN, INC.",Humana,Humana Community (HMO),Humana Inc.,02/01/1986
H1036,333,Local CCP,HMO/HMOPOS,Yes,No,No,"HUMANA MEDICAL PLAN, INC.",Humana,Humana Gold Plus H1036-333 (HMO),Humana Inc.,02/01/1986
H1036,334,Local CCP,HMO/HMOPOS,Yes,No,No,"HUMANA MEDICAL PLAN, INC.",Humana,Humana Gold Plus Giveback H1036-334 (HMO),Humana Inc.,02/01/1986
H1036,335,Local CCP,HMO/HMOPOS,Yes,No,No,"HUMANA MEDICAL PLAN, INC.",Humana,Humana Gold Plus H1036-335 (HMO-POS),Humana Inc.,02/01/1986
H1036,336,Local CCP,HMO/HMOPOS,Yes,Yes,No,"HUMANA MEDICAL PLAN, INC.",Humana,Humana Gold Plus - Diabetes and Heart (HMO C-SNP),Humana Inc.,02/01/1986
H1036,337,Local CCP,HMO/HMOPOS,Yes,Yes,No,"HUMANA MEDICAL PLAN, INC.",Humana,Humana Gold Plus Lung (HMO C-SNP),Humana Inc.,02/01/1986
H1036,338,Local CCP,HMO/HMOPOS,Yes,Yes,No,"HUMANA MEDICAL PLAN, INC.",Humana,Humana Gold Plus - Diabetes and Heart (HMO C-SNP),Humana Inc.,02/01/1986
H1036,339,Local CCP,HMO/HMOPOS,Yes,Yes,No,"HUMANA MEDICAL PLAN, INC.",Humana,Humana Dual Integrated (HMO D-SNP),Humana Inc.,02/01/1986
H1036,340,Local CCP,HMO/HMOPOS,Yes,Yes,No,"HUMANA MEDICAL PLAN, INC.",Humana,Humana Dual Integrated (HMO D-SNP),Humana Inc.,02/01/1986
H1036,341,Local CCP,HMO/HMOPOS,Yes,Yes,No,"HUMANA MEDICAL PLAN, INC.",Humana,Humana Dual Integrated (HMO D-SNP),Humana Inc.,02/01/1986
H1036,801,Local CCP,HMO/HMOPOS,Yes,No,Yes,"HUMANA MEDICAL PLAN, INC.",Humana,Humana Medicare Employer (HMO),Humana Inc.,02/01/1986
H1036,806,Local CCP,HMO/HMOPOS,No,No,Yes,"HUMANA MEDICAL PLAN, INC.",Humana,Humana Medicare Employer (HMO),Humana Inc.,02/01/1986
H1036,810,Local CCP,HMO/HMOPOS,Yes,No,Yes,"HUMANA MEDICAL PLAN, INC.",Humana,Humana Medicare Employer (HMO),Humana Inc.,02/01/1986
H1036,811,Local CCP,HMO/HMOPOS,No,No,Yes,"HUMANA MEDICAL PLAN, INC.",Humana,Humana Medicare Employer (HMO),Humana Inc.,02/01/1986
H1036,814,Local CCP,HMO/HMOPOS,Yes,No,Yes,"HUMANA MEDICAL PLAN, INC.",Humana,Humana Medicare Employer (HMO),Humana Inc.,02/01/1986
H1036,815,Local CCP,HMO/HMOPOS,No,No,Yes,"HUMANA MEDICAL PLAN, INC.",Humana,Humana Medicare Employer (HMO),Humana Inc.,02/01/1986
H1036,816,Local CCP,HMO/HMOPOS,Yes,No,Yes,"HUMANA MEDICAL PLAN, INC.",Humana,Humana Medicare Employer (HMO),Humana Inc.,02/01/1986
H1036,817,Local CCP,HMO/HMOPOS,No,No,Yes,"HUMANA MEDICAL PLAN, INC.",Humana,Humana Medicare Employer (HMO),Humana Inc.,02/01/1986
H1036,818,Local CCP,HMO/HMOPOS,Yes,No,Yes,"HUMANA MEDICAL PLAN, INC.",Humana,Humana Medicare Employer (HMO),Humana Inc.,02/01/1986
H1036,819,Local CCP,HMO/HMOPOS,No,No,Yes,"HUMANA MEDICAL PLAN, INC.",Humana,Humana Medicare Employer (HMO),Humana Inc.,02/01/1986
H1036,820,Local CCP,HMO/HMOPOS,Yes,No,Yes,"HUMANA MEDICAL PLAN, INC.",Humana,Humana Medicare Employer (HMO),Humana Inc.,02/01/1986
H1036,821,Local CCP,HMO/HMOPOS,No,No,Yes,"HUMANA MEDICAL PLAN, INC.",Humana,Humana Medicare Employer (HMO),Humana Inc.,02/01/1986
H1036,822,Local CCP,HMO/HMOPOS,Yes,No,Yes,"HUMANA MEDICAL PLAN, INC.",Humana,Humana Medicare Employer (HMO),Humana Inc.,02/01/1986
H1036,823,Local CCP,HMO/HMOPOS,No,No,Yes,"HUMANA MEDICAL PLAN, INC.",Humana,Humana Medicare Employer (HMO),Humana Inc.,02/01/1986
H1036,824,Local CCP,HMO/HMOPOS,Yes,No,Yes,"HUMANA MEDICAL PLAN, INC.",Humana,Humana Medicare Employer (HMO),Humana Inc.,02/01/1986
H1036,825,Local CCP,HMO/HMOPOS,No,No,Yes,"HUMANA MEDICAL PLAN, INC.",Humana,Humana Medicare Employer (HMO),Humana Inc.,02/01/1986
H1036,826,Local CCP,HMO/HMOPOS,Yes,No,Yes,"HUMANA MEDICAL PLAN, INC.",Humana,Humana Medicare Employer (HMO),Humana Inc.,02/01/1986
H1036,827,Local CCP,HMO/HMOPOS,No,No,Yes,"HUMANA MEDICAL PLAN, INC.",Humana,Humana Medicare Employer (HMO),Humana Inc.,02/01/1986
H1036,828,Local CCP,HMO/HMOPOS,Yes,No,Yes,"HUMANA MEDICAL PLAN, INC.",Humana,Humana Medicare Employer (HMO),Humana Inc.,02/01/1986
H1036,829,Local CCP,HMO/HMOPOS,No,No,Yes,"HUMANA MEDICAL PLAN, INC.",Humana,Humana Medicare Employer (HMO),Humana Inc.,02/01/1986
H1036,832,Local CCP,HMO/HMOPOS,Yes,No,Yes,"HUMANA MEDICAL PLAN, INC.",Humana,Humana Medicare Employer (HMO),Humana Inc.,02/01/1986
H1036,833,Local CCP,HMO/HMOPOS,No,No,Yes,"HUMANA MEDICAL PLAN, INC.",Humana,Humana Medicare Employer (HMO),Humana Inc.,02/01/1986
H1799,003,Local CCP,HMO/HMOPOS,Yes,Yes,No,"MOLINA HEALTHCARE OF KENTUCKY, INC.",Passport Advantage,Passport Advantage (HMO D-SNP),"Molina Healthcare, Inc.",01/01/2022
H1799,004,Local CCP,HMO/HMOPOS,Yes,Yes,No,"MOLINA HEALTHCARE OF KENTUCKY, INC.",Passport Advantage,Molina Medicare Complete Care (HMO D-SNP),"Molina Healthcare, Inc.",01/01/2022
H1799,005,Local CCP,HMO/HMOPOS,Yes,Yes,No,"MOLINA HEALTHCARE OF KENTUCKY, INC.",Passport Advantage,Molina Medicare Complete Care (HMO D-SNP),"Molina Healthcare, Inc.",01/01/2022
H1889,002,Local CCP,Local PPO,Yes,Yes,No,CARE IMPROVEMENT PLUS SOUTH CENTRAL INSURANCE CO.,UnitedHealthcare,UHC Dual Complete FL-D003 (PPO D-SNP),"UnitedHealth Group, Inc.",01/01/2020
H1889,005,Local CCP,Local PPO,Yes,Yes,No,CARE IMPROVEMENT PLUS SOUTH CENTRAL INSURANCE CO.,UnitedHealthcare,UHC Dual Complete NC-S001 (PPO D-SNP),"UnitedHealth Group, Inc.",01/01/2020
H1889,007,Local CCP,Local PPO,Yes,Yes,No,CARE IMPROVEMENT PLUS SOUTH CENTRAL INSURANCE CO.,UnitedHealthcare,UHC Dual Complete PA-S001 (PPO D-SNP),"UnitedHealth Group, Inc.",01/01/2020
H1889,008,Local CCP,Local PPO,Yes,Yes,No,CARE IMPROVEMENT PLUS SOUTH CENTRAL INSURANCE CO.,UnitedHealthcare,UHC Dual Complete KY-S001 (PPO D-SNP),"UnitedHealth Group, Inc.",01/01/2020
H1889,009,Local CCP,Local PPO,Yes,Yes,No,CARE IMPROVEMENT PLUS SOUTH CENTRAL INSURANCE CO.,UnitedHealthcare,UHC Dual Complete AL-D002 (PPO D-SNP),"UnitedHealth Group, Inc.",01/01/2020
H1889,010,Local CCP,Local PPO,Yes,Yes,No,CARE IMPROVEMENT PLUS SOUTH CENTRAL INSURANCE CO.,UnitedHealthcare,UHC Dual Complete LA-S001 (PPO D-SNP),"UnitedHealth Group, Inc.",01/01/2020
H1889,011,Local CCP,Local PPO,Yes,Yes,No,CARE IMPROVEMENT PLUS SOUTH CENTRAL INSURANCE CO.,UnitedHealthcare,UHC Dual Complete MS-S001 (PPO D-SNP),"UnitedHealth Group, Inc.",01/01/2020
H1889,012,Local CCP,Local PPO,Yes,Yes,No,CARE IMPROVEMENT PLUS SOUTH CENTRAL INSURANCE CO.,UnitedHealthcare,UHC Dual Complete NV-S002 (PPO D-SNP),"UnitedHealth Group, Inc.",01/01/2020
H1889,013,Local CCP,Local PPO,Yes,No,No,CARE IMPROVEMENT PLUS SOUTH CENTRAL INSURANCE CO.,UnitedHealthcare,UHC Medicare Advantage GA-2 (PPO),"UnitedHealth Group, Inc.",01/01/2020
H1889,014,Local CCP,Local PPO,Yes,No,No,CARE IMPROVEMENT PLUS SOUTH CENTRAL INSURANCE CO.,UnitedHealthcare,AARP Medicare Advantage from UHC AR-0004 (PPO),"UnitedHealth Group, Inc.",01/01/2020
H1889,015,Local CCP,Local PPO,Yes,No,No,CARE IMPROVEMENT PLUS SOUTH CENTRAL INSURANCE CO.,UnitedHealthcare,AARP Medicare Advantage from UHC AL-0004 (PPO),"UnitedHealth Group, Inc.",01/01/2020
H1889,016,Local CCP,Local PPO,Yes,No,No,CARE IMPROVEMENT PLUS SOUTH CENTRAL INSURANCE CO.,UnitedHealthcare,AARP Medicare Advantage from UHC WY-0001 (PPO),"UnitedHealth Group, Inc.",01/01/2020
H1889,017,Local CCP,Local PPO,Yes,No,No,CARE IMPROVEMENT PLUS SOUTH CENTRAL INSURANCE CO.,UnitedHealthcare,AARP Medicare Advantage from UHC WY-0002 (PPO),"UnitedHealth Group, Inc.",01/01/2020
H1889,018,Local CCP,Local PPO,No,No,No,CARE IMPROVEMENT PLUS SOUTH CENTRAL INSURANCE CO.,UnitedHealthcare,UHC Medicare Advantage Patriot No Rx WY-MA01 (PPO),"UnitedHealth Group, Inc.",01/01/2020
H1889,019,Local CCP,Local PPO,Yes,Yes,No,CARE IMPROVEMENT PLUS SOUTH CENTRAL INSURANCE CO.,UnitedHealthcare,UHC Complete Care AR-5 (PPO C-SNP),"UnitedHealth Group, Inc.",01/01/2020
H1889,020,Local CCP,Local PPO,Yes,Yes,No,CARE IMPROVEMENT PLUS SOUTH CENTRAL INSURANCE CO.,UnitedHealthcare,UHC Complete Care GA-3 (PPO C-SNP),"UnitedHealth Group, Inc.",01/01/2020
H1889,022,Local CCP,Local PPO,No,No,No,CARE IMPROVEMENT PLUS SOUTH CENTRAL INSURANCE CO.,UnitedHealthcare,AARP Medicare Advantage Patriot No Rx GA-MA01 (PPO),"UnitedHealth Group, Inc.",01/01/2020
H1889,025,Local CCP,Local PPO,Yes,Yes,No,CARE IMPROVEMENT PLUS SOUTH CENTRAL INSURANCE CO.,UnitedHealthcare,UHC Complete Care AR-6 (PPO C-SNP),"UnitedHealth Group, Inc.",01/01/2020
H1889,026,Local CCP,Local PPO,Yes,Yes,No,CARE IMPROVEMENT PLUS SOUTH CENTRAL INSURANCE CO.,UnitedHealthcare,UHC Dual Complete FL-Y4 (PPO D-SNP),"UnitedHealth Group, Inc.",01/01/2020
H1889,028,Local CCP,Local PPO,Yes,Yes,No,CARE IMPROVEMENT PLUS SOUTH CENTRAL INSURANCE CO.,UnitedHealthcare,UHC Complete Care Support GA-9 (PPO C-SNP),"UnitedHealth Group, Inc.",01/01/2020
H1889,030,Local CCP,Local PPO,Yes,Yes,No,CARE IMPROVEMENT PLUS SOUTH CENTRAL INSURANCE CO.,UnitedHealthcare,UHC Dual Complete KY-S3 (PPO D-SNP),"UnitedHealth Group, Inc.",01/01/2020
H1889,031,Local CCP,Local PPO,Yes,Yes,No,CARE IMPROVEMENT PLUS SOUTH CENTRAL INSURANCE CO.,UnitedHealthcare,UHC Dual Complete LA-S4 (PPO D-SNP),"UnitedHealth Group, Inc.",01/01/2020
H1889,032,Local CCP,Local PPO,Yes,Yes,No,CARE IMPROVEMENT PLUS SOUTH CENTRAL INSURANCE CO.,UnitedHealthcare,UHC Dual Complete MS-S3 (PPO D-SNP),"UnitedHealth Group, Inc.",01/01/2020
H1889,034,Local CCP,Local PPO,Yes,Yes,No,CARE IMPROVEMENT PLUS SOUTH CENTRAL INSURANCE CO.,UnitedHealthcare,UHC Dual Complete NC-S2 (PPO D-SNP),"UnitedHealth Group, Inc.",01/01/2020
H1889,035,Local CCP,Local PPO,Yes,Yes,No,CARE IMPROVEMENT PLUS SOUTH CENTRAL INSURANCE CO.,UnitedHealthcare,UHC Dual Complete NV-S3 (PPO D-SNP),"UnitedHealth Group, Inc.",01/01/2020
H2400,001,Local CCP,HMO/HMOPOS,Yes,Yes,No,"SIGNATURE ADVANTAGE, LLC",Abilis Health (HMO SNP),Abilis Health (HMO I-SNP),"BrightSpring Health Services, Inc.",01/01/2016
H2400,002,Local CCP,HMO/HMOPOS,Yes,Yes,No,"SIGNATURE ADVANTAGE, LLC",Abilis Health (HMO SNP),Abilis Health Community (HMO I-SNP),"BrightSpring Health Services, Inc.",01/01/2016
H2610,005,Local CCP,HMO/HMOPOS,Yes,No,No,"ESSENCE HEALTHCARE, INC.",Essence Healthcare,Essence Advantage (HMO),Lumeris Group Holdings Corporation,06/01/2004
H2610,006,Local CCP,HMO/HMOPOS,Yes,No,No,"ESSENCE HEALTHCARE, INC.",Essence Healthcare,Essence Advantage Plus (HMO),Lumeris Group Holdings Corporation,06/01/2004
H2610,015,Local CCP,HMO/HMOPOS,Yes,No,No,"ESSENCE HEALTHCARE, INC.",Essence Healthcare,Essence Advantage (HMO),Lumeris Group Holdings Corporation,06/01/2004
H2610,016,Local CCP,HMO/HMOPOS,Yes,No,No,"ESSENCE HEALTHCARE, INC.",Essence Healthcare,Essence Advantage Select (HMO),Lumeris Group Holdings Corporation,06/01/2004
H2610,021,Local CCP,HMO/HMOPOS,Yes,No,No,"ESSENCE HEALTHCARE, INC.",Essence Healthcare,Essence Advantage (HMO),Lumeris Group Holdings Corporation,06/01/2004
H2610,027,Local CCP,HMO/HMOPOS,Yes,No,No,"ESSENCE HEALTHCARE, INC.",Essence Healthcare,Essence Advantage Select (HMO),Lumeris Group Holdings Corporation,06/01/2004
H2610,803,Local CCP,HMO/HMOPOS,Yes,No,Yes,"ESSENCE HEALTHCARE, INC.",Essence Healthcare,Essence Advantage EGWP HMO MAPD Calendar Yr (HMO),Lumeris Group Holdings Corporation,06/01/2004
H2610,804,Local CCP,HMO/HMOPOS,Yes,No,Yes,"ESSENCE HEALTHCARE, INC.",Essence Healthcare,Essence Advantage EGWP HMO MAPD non-Calendar Yr (HMO),Lumeris Group Holdings Corporation,06/01/2004
H2610,805,Local CCP,HMO/HMOPOS,No,No,Yes,"ESSENCE HEALTHCARE, INC.",Essence Healthcare,Essence Advantage EGWP HMO MA Only Calendar Yr (HMO),Lumeris Group Holdings Corporation,06/01/2004
H2610,806,Local CCP,HMO/HMOPOS,No,No,Yes,"ESSENCE HEALTHCARE, INC.",Essence Healthcare,Essence Advantage EGWP HMO MA Only non-Calendar Yr (HMO),Lumeris Group Holdings Corporation,06/01/2004
H2610,807,Local CCP,HMO/HMOPOS,Yes,No,Yes,"ESSENCE HEALTHCARE, INC.",Essence Healthcare,Essence Advantage EGWP HMOPOS MAPD Calendar Yr (HMO-POS),Lumeris Group Holdings Corporation,06/01/2004
H2610,808,Local CCP,HMO/HMOPOS,Yes,No,Yes,"ESSENCE HEALTHCARE, INC.",Essence Healthcare,Essence Advantage EGWP HMOPOS MAPD non-Calendar Yr (HMO-POS),Lumeris Group Holdings Corporation,06/01/2004
H2610,809,Local CCP,HMO/HMOPOS,No,No,Yes,"ESSENCE HEALTHCARE, INC.",Essence Healthcare,Essence Advantage EGWP HMOPOS MA Only Calendar Yr (HMO-POS),Lumeris Group Holdings Corporation,06/01/2004
H2610,810,Local CCP,HMO/HMOPOS,No,No,Yes,"ESSENCE HEALTHCARE, INC.",Essence Healthcare,Essence Advantage EGWP HMOPOS MA Only non-Cal Yr (HMO-POS),Lumeris Group Holdings Corporation,06/01/2004
H3975,001,Local CCP,Local PPO,Yes,No,No,"WELLCARE HEALTH INSURANCE COMPANY OF KENTUCKY, INC",Wellcare,Wellcare Simple Open (PPO),Centene Corporation,01/01/2021
H3975,002,Local CCP,Local PPO,No,No,No,"WELLCARE HEALTH INSURANCE COMPANY OF KENTUCKY, INC",Wellcare,Wellcare Patriot Giveback Open (PPO),Centene Corporation,01/01/2021
H3975,004,Local CCP,Local PPO,Yes,Yes,No,"WELLCARE HEALTH INSURANCE COMPANY OF KENTUCKY, INC",Wellcare,Wellcare Dual Access Sync Open (PPO D-SNP),Centene Corporation,01/01/2021
H4036,008,Local CCP,Local PPO,Yes,No,No,"ANTHEM INSURANCE COMPANIES, INC.",Anthem Blue Cross and Blue Shield,Anthem Medicare Advantage 3 (PPO),"Elevance Health, Inc.",01/01/2008
H4036,017,Local CCP,Local PPO,Yes,No,No,"ANTHEM INSURANCE COMPANIES, INC.",Anthem Blue Cross and Blue Shield,Anthem Medicare Advantage 4 (PPO),"Elevance Health, Inc.",01/01/2008
H4036,022,Local CCP,Local PPO,No,No,No,"ANTHEM INSURANCE COMPANIES, INC.",Anthem Blue Cross and Blue Shield,Anthem Veteran (PPO),"Elevance Health, Inc.",01/01/2008
H4036,024,Local CCP,Local PPO,No,No,No,"ANTHEM INSURANCE COMPANIES, INC.",Anthem Blue Cross and Blue Shield,Anthem Veteran (PPO),"Elevance Health, Inc.",01/01/2008
H4036,025,Local CCP,Local PPO,Yes,No,No,"ANTHEM INSURANCE COMPANIES, INC.",Anthem Blue Cross and Blue Shield,Anthem Medicare Advantage 3 (PPO),"Elevance Health, Inc.",01/01/2008
H4036,026,Local CCP,Local PPO,Yes,No,No,"ANTHEM INSURANCE COMPANIES, INC.",Anthem Blue Cross and Blue Shield,Anthem Medicare Advantage (PPO),"Elevance Health, Inc.",01/01/2008
H4036,030,Local CCP,Local PPO,Yes,No,No,"ANTHEM INSURANCE COMPANIES, INC.",Anthem Blue Cross and Blue Shield,Anthem Medicare Advantage 2 (PPO),"Elevance Health, Inc.",01/01/2008
H4036,034,Local CCP,Local PPO,Yes,No,No,"ANTHEM INSURANCE COMPANIES, INC.",Anthem Blue Cross and Blue Shield,Anthem Medicare Advantage 3 (PPO),"Elevance Health, Inc.",01/01/2008
H4036,036,Local CCP,Local PPO,Yes,No,No,"ANTHEM INSURANCE COMPANIES, INC.",Anthem Blue Cross and Blue Shield,Anthem Medicare Advantage (PPO),"Elevance Health, Inc.",01/01/2008
H4036,040,Local CCP,Local PPO,No,No,No,"ANTHEM INSURANCE COMPANIES, INC.",Anthem Blue Cross and Blue Shield,Anthem Veteran (PPO),"Elevance Health, Inc.",01/01/2008
H4036,801,Local CCP,Local PPO,Yes,No,Yes,"ANTHEM INSURANCE COMPANIES, INC.",Anthem Blue Cross and Blue Shield,Anthem Medicare Preferred (PPO),"Elevance Health, Inc.",01/01/2008
H4036,802,Local CCP,Local PPO,No,No,Yes,"ANTHEM INSURANCE COMPANIES, INC.",Anthem Blue Cross and Blue Shield,Anthem Medicare Preferred (PPO),"Elevance Health, Inc.",01/01/2008
H4036,805,Local CCP,Local PPO,Yes,No,Yes,"ANTHEM INSURANCE COMPANIES, INC.",Anthem Blue Cross and Blue Shield,Anthem Medicare Preferred (PPO),"Elevance Health, Inc.",01/01/2008
H4036,806,Local CCP,Local PPO,Yes,No,Yes,"ANTHEM INSURANCE COMPANIES, INC.",Anthem Blue Cross and Blue Shield,Anthem Medicare Preferred (PPO),"Elevance Health, Inc.",01/01/2008
H4036,807,Local CCP,Local PPO,No,No,Yes,"ANTHEM INSURANCE COMPANIES, INC.",Anthem Blue Cross and Blue Shield,Anthem Medicare Preferred (PPO),"Elevance Health, Inc.",01/01/2008
H4036,809,Local CCP,Local PPO,No,No,Yes,"ANTHEM INSURANCE COMPANIES, INC.",Anthem Blue Cross and Blue Shield,Anthem Medicare Preferred (PPO),"Elevance Health, Inc.",01/01/2008
H4036,810,Local CCP,Local PPO,No,No,Yes,"ANTHEM INSURANCE COMPANIES, INC.",Anthem Blue Cross and Blue Shield,Anthem Medicare Preferred (PPO),"Elevance Health, Inc.",01/01/2008
H4036,812,Local CCP,Local PPO,No,No,Yes,"ANTHEM INSURANCE COMPANIES, INC.",Anthem Blue Cross and Blue Shield,Anthem Medicare Preferred (PPO),"Elevance Health, Inc.",01/01/2008
H4036,813,Local CCP,Local PPO,No,No,Yes,"ANTHEM INSURANCE COMPANIES, INC.",Anthem Blue Cross and Blue Shield,Anthem Medicare Preferred (PPO),"Elevance Health, Inc.",01/01/2008
H4036,814,Local CCP,Local PPO,No,No,Yes,"ANTHEM INSURANCE COMPANIES, INC.",Anthem Blue Cross and Blue Shield,Anthem Medicare Preferred (PPO),"Elevance Health, Inc.",01/01/2008
H4036,819,Local CCP,Local PPO,Yes,No,Yes,"ANTHEM INSURANCE COMPANIES, INC.",Anthem Blue Cross and Blue Shield,Anthem Medicare Preferred (PPO),"Elevance Health, Inc.",01/01/2008
H4036,820,Local CCP,Local PPO,No,No,Yes,"ANTHEM INSURANCE COMPANIES, INC.",Anthem Blue Cross and Blue Shield,Anthem Medicare Preferred (PPO),"Elevance Health, Inc.",01/01/2008
H4036,821,Local CCP,Local PPO,Yes,No,Yes,"ANTHEM INSURANCE COMPANIES, INC.",Anthem Blue Cross and Blue Shield,Anthem Medicare Preferred (PPO),"Elevance Health, Inc.",01/01/2008
H4036,822,Local CCP,Local PPO,No,No,Yes,"ANTHEM INSURANCE COMPANIES, INC.",Anthem Blue Cross and Blue Shield,Anthem Medicare Preferred (PPO),"Elevance Health, Inc.",01/01/2008
H4036,823,Local CCP,Local PPO,Yes,No,Yes,"ANTHEM INSURANCE COMPANIES, INC.",Anthem Blue Cross and Blue Shield,Anthem Medicare Preferred (PPO),"Elevance Health, Inc.",01/01/2008
H4036,824,Local CCP,Local PPO,No,No,Yes,"ANTHEM INSURANCE COMPANIES, INC.",Anthem Blue Cross and Blue Shield,Anthem Medicare Preferred (PPO),"Elevance Health, Inc.",01/01/2008
H4036,825,Local CCP,Local PPO,Yes,No,Yes,"ANTHEM INSURANCE COMPANIES, INC.",Anthem Blue Cross and Blue Shield,Anthem Medicare Preferred (PPO),"Elevance Health, Inc.",01/01/2008
H4036,826,Local CCP,Local PPO,No,No,Yes,"ANTHEM INSURANCE COMPANIES, INC.",Anthem Blue Cross and Blue Shield,Anthem Medicare Preferred (PPO),"Elevance Health, Inc.",01/01/2008
H4036,827,Local CCP,Local PPO,Yes,No,Yes,"ANTHEM INSURANCE COMPANIES, INC.",Anthem Blue Cross and Blue Shield,Anthem Medicare Preferred (PPO),"Elevance Health, Inc.",01/01/2008
H4036,828,Local CCP,Local PPO,No,No,Yes,"ANTHEM INSURANCE COMPANIES, INC.",Anthem Blue Cross and Blue Shield,Anthem Medicare Preferred (PPO),"Elevance Health, Inc.",01/01/2008
H4036,829,Local CCP,Local PPO,Yes,No,Yes,"ANTHEM INSURANCE COMPANIES, INC.",Anthem Blue Cross and Blue Shield,Anthem Medicare Preferred (PPO),"Elevance Health, Inc.",01/01/2008
H4036,830,Local CCP,Local PPO,No,No,Yes,"ANTHEM INSURANCE COMPANIES, INC.",Anthem Blue Cross and Blue Shield,Anthem Medicare Preferred (PPO),"Elevance Health, Inc.",01/01/2008
H4909,014,Local CCP,Local PPO,Yes,No,No,"ANTHEM INSURANCE COMPANIES, INC.",Anthem Blue Cross and Blue Shield,Anthem Medicare Advantage (PPO),"Elevance Health, Inc.",07/01/2005
H4909,020,Local CCP,Local PPO,No,No,No,"ANTHEM INSURANCE COMPANIES, INC.",Anthem Blue Cross and Blue Shield,Anthem Veteran (PPO),"Elevance Health, Inc.",07/01/2005
H4909,021,Local CCP,Local PPO,No,No,No,"ANTHEM INSURANCE COMPANIES, INC.",Anthem Blue Cross and Blue Shield,Anthem Veteran (PPO),"Elevance Health, Inc.",07/01/2005
H4909,023,Local CCP,Local PPO,No,No,No,"ANTHEM INSURANCE COMPANIES, INC.",Anthem Blue Cross and Blue Shield,Anthem Veteran (PPO),"Elevance Health, Inc.",07/01/2005
H4909,026,Local CCP,Local PPO,Yes,No,No,"ANTHEM INSURANCE COMPANIES, INC.",Anthem Blue Cross and Blue Shield,Anthem Medicare Advantage 2 (PPO),"Elevance Health, Inc.",07/01/2005
H4909,804,Local CCP,Local PPO,Yes,No,Yes,"ANTHEM INSURANCE COMPANIES, INC.",Anthem Blue Cross and Blue Shield,Anthem Medicare Preferred (PPO),"Elevance Health, Inc.",07/01/2005
H4909,805,Local CCP,Local PPO,No,No,Yes,"ANTHEM INSURANCE COMPANIES, INC.",Anthem Blue Cross and Blue Shield,Anthem Medicare Preferred (PPO),"Elevance Health, Inc.",07/01/2005
H4909,810,Local CCP,Local PPO,Yes,No,Yes,"ANTHEM INSURANCE COMPANIES, INC.",Anthem Blue Cross and Blue Shield,Anthem Medicare Preferred (PPO),"Elevance Health, Inc.",07/01/2005
H4909,811,Local CCP,Local PPO,Yes,No,Yes,"ANTHEM INSURANCE COMPANIES, INC.",Anthem Blue Cross and Blue Shield,Anthem Medicare Preferred (PPO),"Elevance Health, Inc.",07/01/2005
H4909,812,Local CCP,Local PPO,No,No,Yes,"ANTHEM INSURANCE COMPANIES, INC.",Anthem Blue Cross and Blue Shield,Anthem Medicare Preferred (PPO),"Elevance Health, Inc.",07/01/2005
H4909,814,Local CCP,Local PPO,No,No,Yes,"ANTHEM INSURANCE COMPANIES, INC.",Anthem Blue Cross and Blue Shield,Anthem Medicare Preferred (PPO),"Elevance Health, Inc.",07/01/2005
H4909,815,Local CCP,Local PPO,No,No,Yes,"ANTHEM INSURANCE COMPANIES, INC.",Anthem Blue Cross and Blue Shield,Anthem Medicare Preferred (PPO),"Elevance Health, Inc.",07/01/2005
H4909,817,Local CCP,Local PPO,No,No,Yes,"ANTHEM INSURANCE COMPANIES, INC.",Anthem Blue Cross and Blue Shield,Anthem Medicare Preferred (PPO),"Elevance Health, Inc.",07/01/2005
H4909,818,Local CCP,Local PPO,No,No,Yes,"ANTHEM INSURANCE COMPANIES, INC.",Anthem Blue Cross and Blue Shield,Anthem Medicare Preferred (PPO),"Elevance Health, Inc.",07/01/2005
H5178,002,Local CCP,HMO/HMOPOS,Yes,No,No,"HUMANA HEALTH PLAN, INC.",Humana,Humana Community (HMO),Humana Inc.,01/01/2020
H5216,001,Local CCP,Local PPO,Yes,No,No,HUMANA INSURANCE COMPANY,Humana,HumanaChoice H5216-001 (PPO),Humana Inc.,07/01/2005
H5216,006,Local CCP,Local PPO,Yes,No,No,HUMANA INSURANCE COMPANY,Humana,HumanaChoice H5216-006 (PPO),Humana Inc.,07/01/2005
H5216,011,Local CCP,Local PPO,Yes,No,No,HUMANA INSURANCE COMPANY,Humana,Humana Full Access H5216-011 (PPO),Humana Inc.,07/01/2005
H5216,013,Local CCP,Local PPO,Yes,No,No,HUMANA INSURANCE COMPANY,Humana,HumanaChoice H5216-013 (PPO),Humana Inc.,07/01/2005
H5216,014,Local CCP,Local PPO,Yes,No,No,HUMANA INSURANCE COMPANY,Humana,HumanaChoice H5216-014 (PPO),Humana Inc.,07/01/2005
H5216,017,Local CCP,Local PPO,Yes,No,No,HUMANA INSURANCE COMPANY,Humana,HumanaChoice Giveback H5216-017 (PPO),Humana Inc.,07/01/2005
H5216,019,Local CCP,Local PPO,Yes,No,No,HUMANA INSURANCE COMPANY,Humana,HumanaChoice H5216-019 (PPO),Humana Inc.,07/01/2005
H5216,023,Local CCP,Local PPO,Yes,No,No,HUMANA INSURANCE COMPANY,Humana,HumanaChoice H5216-023 (PPO),Humana Inc.,07/01/2005
H5216,027,Local CCP,Local PPO,Yes,No,No,HUMANA INSURANCE COMPANY,Humana,HumanaChoice H5216-027 (PPO),Humana Inc.,07/01/2005
H5216,032,Local CCP,Local PPO,Yes,No,No,HUMANA INSURANCE COMPANY,Humana,HumanaChoice H5216-032 (PPO),Humana Inc.,07/01/2005
H5216,034,Local CCP,Local PPO,Yes,No,No,HUMANA INSURANCE COMPANY,Humana,HumanaChoice H5216-034 (PPO),Humana Inc.,07/01/2005
H5216,037,Local CCP,Local PPO,Yes,No,No,HUMANA INSURANCE COMPANY,Humana,HumanaChoice H5216-037 (PPO),Humana Inc.,07/01/2005
H5216,039,Local CCP,Local PPO,Yes,No,No,HUMANA INSURANCE COMPANY,Humana,HumanaChoice H5216-039 (PPO),Humana Inc.,07/01/2005
H5216,042,Local CCP,Local PPO,Yes,No,No,HUMANA INSURANCE COMPANY,Humana,HumanaChoice H5216-042 (PPO),Humana Inc.,07/01/2005
H5216,043,Local CCP,Local PPO,Yes,No,No,HUMANA INSURANCE COMPANY,Humana,HumanaChoice H5216-043 (PPO),Humana Inc.,07/01/2005
H5216,048,Local CCP,Local PPO,Yes,No,No,HUMANA INSURANCE COMPANY,Humana,HumanaChoice H5216-048 (PPO),Humana Inc.,07/01/2005
H5216,053,Local CCP,Local PPO,Yes,No,No,HUMANA INSURANCE COMPANY,Humana,HumanaChoice H5216-053 (PPO),Humana Inc.,07/01/2005
H5216,059,Local CCP,Local PPO,No,No,No,HUMANA INSURANCE COMPANY,Humana,Humana USAA Honor Giveback (PPO),Humana Inc.,07/01/2005
H5216,062,Local CCP,Local PPO,Yes,No,No,HUMANA INSURANCE COMPANY,Humana,HumanaChoice Florida H5216-062 (PPO),Humana Inc.,07/01/2005
H5216,063,Local CCP,Local PPO,Yes,No,No,HUMANA INSURANCE COMPANY,Humana,HumanaChoice H5216-063 (PPO),Humana Inc.,07/01/2005
H5216,064,Local CCP,Local PPO,Yes,No,No,HUMANA INSURANCE COMPANY,Humana,HumanaChoice H5216-064 (PPO),Humana Inc.,07/01/2005
H5216,068,Local CCP,Local PPO,Yes,No,No,HUMANA INSURANCE COMPANY,Humana,HumanaChoice Florida H5216-068 (PPO),Humana Inc.,07/01/2005
H5216,070,Local CCP,Local PPO,Yes,No,No,HUMANA INSURANCE COMPANY,Humana,Humana Value Choice H5216-070 (PPO),Humana Inc.,07/01/2005
H5216,072,Local CCP,Local PPO,Yes,No,No,HUMANA INSURANCE COMPANY,Humana,HumanaChoice Florida H5216-072 (PPO),Humana Inc.,07/01/2005
H5216,073,Local CCP,Local PPO,Yes,No,No,HUMANA INSURANCE COMPANY,Humana,HumanaChoice H5216-073 (PPO),Humana Inc.,07/01/2005
H5216,074,Local CCP,Local PPO,Yes,No,No,HUMANA INSURANCE COMPANY,Humana,HumanaChoice Florida H5216-074 (PPO),Humana Inc.,07/01/2005
H5216,078,Local CCP,Local PPO,Yes,No,No,HUMANA INSURANCE COMPANY,Humana,Humana Value Choice H5216-078 (PPO),Humana Inc.,07/01/2005
H5216,081,Local CCP,Local PPO,Yes,No,No,HUMANA INSURANCE COMPANY,Humana,HumanaChoice H5216-081 (PPO),Humana Inc.,07/01/2005
H5216,083,Local CCP,Local PPO,Yes,No,No,HUMANA INSURANCE COMPANY,Humana,HumanaChoice H5216-083 (PPO),Humana Inc.,07/01/2005
H5216,089,Local CCP,Local PPO,Yes,No,No,HUMANA INSURANCE COMPANY,Humana,HumanaChoice H5216-089 (PPO),Humana Inc.,07/01/2005
H5216,092,Local CCP,Local PPO,Yes,No,No,HUMANA INSURANCE COMPANY,Humana,HumanaChoice H5216-092 (PPO),Humana Inc.,07/01/2005
H5216,097,Local CCP,Local PPO,Yes,No,No,HUMANA INSURANCE COMPANY,Humana,HumanaChoice H5216-097 (PPO),Humana Inc.,07/01/2005
H5216,100,Local CCP,Local PPO,Yes,No,No,HUMANA INSURANCE COMPANY,Humana,HumanaChoice H5216-100 (PPO),Humana Inc.,07/01/2005
H5216,105,Local CCP,Local PPO,No,No,No,HUMANA INSURANCE COMPANY,Humana,Humana USAA Honor Giveback (PPO),Humana Inc.,07/01/2005
H5216,106,Local CCP,Local PPO,Yes,No,No,HUMANA INSURANCE COMPANY,Humana,HumanaChoice H5216-106 (PPO),Humana Inc.,07/01/2005
H5216,114,Local CCP,Local PPO,Yes,No,No,HUMANA INSURANCE COMPANY,Humana,HumanaChoice H5216-114 (PPO),Humana Inc.,07/01/2005
H5216,116,Local CCP,Local PPO,No,No,No,HUMANA INSURANCE COMPANY,Humana,HumanaChoice Giveback H5216-116 (PPO),Humana Inc.,07/01/2005
H5216,120,Local CCP,Local PPO,Yes,No,No,HUMANA INSURANCE COMPANY,Humana,HumanaChoice H5216-120 (PPO),Humana Inc.,07/01/2005
H5216,124,Local CCP,Local PPO,Yes,No,No,HUMANA INSURANCE COMPANY,Humana,Humana Full Access H5216-124 (PPO),Humana Inc.,07/01/2005
H5216,128,Local CCP,Local PPO,No,No,No,HUMANA INSURANCE COMPANY,Humana,Humana USAA Honor Giveback (PPO),Humana Inc.,07/01/2005
H5216,132,Local CCP,Local PPO,Yes,No,No,HUMANA INSURANCE COMPANY,Humana,Humana Value Choice H5216-132 (PPO),Humana Inc.,07/01/2005
H5216,136,Local CCP,Local PPO,Yes,No,No,HUMANA INSURANCE COMPANY,Humana,HumanaChoice H5216-136 (PPO),Humana Inc.,07/01/2005
H5216,138,Local CCP,Local PPO,Yes,No,No,HUMANA INSURANCE COMPANY,Humana,HumanaChoice Giveback H5216-138 (PPO),Humana Inc.,07/01/2005
H5216,141,Local CCP,Local PPO,Yes,No,No,HUMANA INSURANCE COMPANY,Humana,HumanaChoice Giveback H5216-141 (PPO),Humana Inc.,07/01/2005
H5216,144,Local CCP,Local PPO,Yes,No,No,HUMANA INSURANCE COMPANY,Humana,HumanaChoice H5216-144 (PPO),Humana Inc.,07/01/2005
H5216,152,Local CCP,Local PPO,No,No,No,HUMANA INSURANCE COMPANY,Humana,HumanaChoice H5216-152 (PPO),Humana Inc.,07/01/2005
H5216,154,Local CCP,Local PPO,Yes,No,No,HUMANA INSURANCE COMPANY,Humana,HumanaChoice Giveback H5216-154 (PPO),Humana Inc.,07/01/2005
H5216,157,Local CCP,Local PPO,No,No,No,HUMANA INSURANCE COMPANY,Humana,HumanaChoice H5216-157 (PPO),Humana Inc.,07/01/2005
H5216,160,Local CCP,Local PPO,Yes,No,No,HUMANA INSURANCE COMPANY,Humana,Humana Value Plus H5216-160 (PPO),Humana Inc.,07/01/2005
H5216,161,Local CCP,Local PPO,Yes,No,No,HUMANA INSURANCE COMPANY,Humana,Humana Value Plus H5216-161 (PPO),Humana Inc.,07/01/2005
H5216,164,Local CCP,Local PPO,Yes,Yes,No,HUMANA INSURANCE COMPANY,Humana,HumanaChoice SNP-DE H5216-164 (PPO D-SNP),Humana Inc.,07/01/2005
H5216,168,Local CCP,Local PPO,Yes,No,No,HUMANA INSURANCE COMPANY,Humana,HumanaChoice H5216-168 (PPO),Humana Inc.,07/01/2005
H5216,173,Local CCP,Local PPO,Yes,No,No,HUMANA INSURANCE COMPANY,Humana,Humana Value Plus H5216-173 (PPO),Humana Inc.,07/01/2005
H5216,174,Local CCP,Local PPO,No,No,No,HUMANA INSURANCE COMPANY,Humana,Humana USAA Honor Giveback (PPO),Humana Inc.,07/01/2005
H5216,175,Local CCP,Local PPO,Yes,No,No,HUMANA INSURANCE COMPANY,Humana,HumanaChoice H5216-175 (PPO),Humana Inc.,07/01/2005
H5216,179,Local CCP,Local PPO,Yes,No,No,HUMANA INSURANCE COMPANY,Humana,Humana Value Plus H5216-179 (PPO),Humana Inc.,07/01/2005
H5216,180,Local CCP,Local PPO,Yes,No,No,HUMANA INSURANCE COMPANY,Humana,Humana Value Plus H5216-180 (PPO),Humana Inc.,07/01/2005
H5216,188,Local CCP,Local PPO,Yes,No,No,HUMANA INSURANCE COMPANY,Humana,HumanaChoice H5216-188 (PPO),Humana Inc.,07/01/2005
H5216,190,Local CCP,Local PPO,No,No,No,HUMANA INSURANCE COMPANY,Humana,Humana USAA Honor Giveback (PPO),Humana Inc.,07/01/2005
H5216,192,Local CCP,Local PPO,Yes,No,No,HUMANA INSURANCE COMPANY,Humana,Humana Full Access H5216-192 (PPO),Humana Inc.,07/01/2005
H5216,194,Local CCP,Local PPO,Yes,No,No,HUMANA INSURANCE COMPANY,Humana,HumanaChoice Giveback H5216-194 (PPO),Humana Inc.,07/01/2005
H5216,195,Local CCP,Local PPO,Yes,No,No,HUMANA INSURANCE COMPANY,Humana,Humana Value Plus H5216-195 (PPO),Humana Inc.,07/01/2005
H5216,196,Local CCP,Local PPO,Yes,No,No,HUMANA INSURANCE COMPANY,Humana,HumanaChoice H5216-196 (PPO),Humana Inc.,07/01/2005
H5216,200,Local CCP,Local PPO,No,No,No,HUMANA INSURANCE COMPANY,Humana,Humana USAA Honor Giveback (PPO),Humana Inc.,07/01/2005
H5216,201,Local CCP,Local PPO,No,No,No,HUMANA INSURANCE COMPANY,Humana,Humana USAA Honor Giveback (PPO),Humana Inc.,07/01/2005
H5216,203,Local CCP,Local PPO,Yes,No,No,HUMANA INSURANCE COMPANY,Humana,HumanaChoice H5216-203 (PPO),Humana Inc.,07/01/2005
H5216,205,Local CCP,Local PPO,Yes,Yes,No,HUMANA INSURANCE COMPANY,Humana,HumanaChoice SNP-DE H5216-205 (PPO D-SNP),Humana Inc.,07/01/2005
H5216,206,Local CCP,Local PPO,Yes,Yes,No,HUMANA INSURANCE COMPANY,Humana,Humana Dual Select H5216-206 (PPO D-SNP),Humana Inc.,07/01/2005
H5216,207,Local CCP,Local PPO,Yes,No,No,HUMANA INSURANCE COMPANY,Humana,HumanaChoice H5216-207 (PPO),Humana Inc.,07/01/2005
H5216,211,Local CCP,Local PPO,Yes,No,No,HUMANA INSURANCE COMPANY,Humana,HumanaChoice H5216-211 (PPO),Humana Inc.,07/01/2005
H5216,216,Local CCP,Local PPO,No,No,No,HUMANA INSURANCE COMPANY,Humana,Humana USAA Honor Giveback (PPO),Humana Inc.,07/01/2005
H5216,217,Local CCP,Local PPO,No,No,No,HUMANA INSURANCE COMPANY,Humana,Humana USAA Honor Giveback (PPO),Humana Inc.,07/01/2005
H5216,218,Local CCP,Local PPO,No,No,No,HUMANA INSURANCE COMPANY,Humana,Humana USAA Honor Giveback (PPO),Humana Inc.,07/01/2005
H5216,219,Local CCP,Local PPO,Yes,Yes,No,HUMANA INSURANCE COMPANY,Humana,HumanaChoice SNP-DE H5216-219 (PPO D-SNP),Humana Inc.,07/01/2005
H5216,220,Local CCP,Local PPO,Yes,Yes,No,HUMANA INSURANCE COMPANY,Humana,HumanaChoice SNP-DE H5216-220 (PPO D-SNP),Humana Inc.,07/01/2005
H5216,221,Local CCP,Local PPO,No,No,No,HUMANA INSURANCE COMPANY,Humana,Humana USAA Honor Giveback (PPO),Humana Inc.,07/01/2005
H5216,223,Local CCP,Local PPO,Yes,No,No,HUMANA INSURANCE COMPANY,Humana,HumanaChoice H5216-223 (PPO),Humana Inc.,07/01/2005
H5216,224,Local CCP,Local PPO,Yes,No,No,HUMANA INSURANCE COMPANY,Humana,HumanaChoice H5216-224 (PPO),Humana Inc.,07/01/2005
H5216,225,Local CCP,Local PPO,No,No,No,HUMANA INSURANCE COMPANY,Humana,Humana USAA Honor Giveback (PPO),Humana Inc.,07/01/2005
H5216,226,Local CCP,Local PPO,Yes,No,No,HUMANA INSURANCE COMPANY,Humana,HumanaChoice Giveback H5216-226 (PPO),Humana Inc.,07/01/2005
H5216,227,Local CCP,Local PPO,Yes,Yes,No,HUMANA INSURANCE COMPANY,Humana,HumanaChoice SNP-DE H5216-227 (PPO D-SNP),Humana Inc.,07/01/2005
H5216,228,Local CCP,Local PPO,Yes,Yes,No,HUMANA INSURANCE COMPANY,Humana,HumanaChoice SNP-DE H5216-228 (PPO D-SNP),Humana Inc.,07/01/2005
H5216,229,Local CCP,Local PPO,Yes,No,No,HUMANA INSURANCE COMPANY,Humana,HumanaChoice H5216-229 (PPO),Humana Inc.,07/01/2005
H5216,231,Local CCP,Local PPO,Yes,No,No,HUMANA INSURANCE COMPANY,Humana,HumanaChoice H5216-231 (PPO),Humana Inc.,07/01/2005
H5216,234,Local CCP,Local PPO,No,No,No,HUMANA INSURANCE COMPANY,Humana,Humana USAA Honor Giveback (PPO),Humana Inc.,07/01/2005
H5216,235,Local CCP,Local PPO,No,No,No,HUMANA INSURANCE COMPANY,Humana,Humana USAA Honor Giveback (PPO),Humana Inc.,07/01/2005
H5216,236,Local CCP,Local PPO,No,No,No,HUMANA INSURANCE COMPANY,Humana,Humana USAA Honor Giveback (PPO),Humana Inc.,07/01/2005
H5216,242,Local CCP,Local PPO,Yes,Yes,No,HUMANA INSURANCE COMPANY,Humana,Humana Together in Health (PPO I-SNP),Humana Inc.,07/01/2005
H5216,243,Local CCP,Local PPO,Yes,Yes,No,HUMANA INSURANCE COMPANY,Humana,Humana Together in Health (PPO I-SNP),Humana Inc.,07/01/2005
H5216,244,Local CCP,Local PPO,Yes,Yes,No,HUMANA INSURANCE COMPANY,Humana,HumanaChoice - Diabetes and Heart (PPO C-SNP),Humana Inc.,07/01/2005
H5216,246,Local CCP,Local PPO,Yes,Yes,No,HUMANA INSURANCE COMPANY,Humana,HumanaChoice - Diabetes and Heart (PPO C-SNP),Humana Inc.,07/01/2005
H5216,249,Local CCP,Local PPO,Yes,No,No,HUMANA INSURANCE COMPANY,Humana,HumanaChoice H5216-249 (PPO),Humana Inc.,07/01/2005
H5216,251,Local CCP,Local PPO,Yes,No,No,HUMANA INSURANCE COMPANY,Humana,HumanaChoice H5216-251 (PPO),Humana Inc.,07/01/2005
H5216,252,Local CCP,Local PPO,Yes,No,No,HUMANA INSURANCE COMPANY,Humana,HumanaChoice Giveback H5216-252 (PPO),Humana Inc.,07/01/2005
H5216,253,Local CCP,Local PPO,Yes,No,No,HUMANA INSURANCE COMPANY,Humana,HumanaChoice H5216-253 (PPO),Humana Inc.,07/01/2005
H5216,256,Local CCP,Local PPO,No,No,No,HUMANA INSURANCE COMPANY,Humana,Humana USAA Honor Giveback (PPO),Humana Inc.,07/01/2005
H5216,257,Local CCP,Local PPO,No,No,No,HUMANA INSURANCE COMPANY,Humana,Humana USAA Honor Giveback (PPO),Humana Inc.,07/01/2005
H5216,258,Local CCP,Local PPO,No,No,No,HUMANA INSURANCE COMPANY,Humana,Humana USAA Honor Giveback (PPO),Humana Inc.,07/01/2005
H5216,261,Local CCP,Local PPO,Yes,No,No,HUMANA INSURANCE COMPANY,Humana,Humana Value Choice H5216-261 (PPO),Humana Inc.,07/01/2005
H5216,263,Local CCP,Local PPO,Yes,No,No,HUMANA INSURANCE COMPANY,Humana,HumanaChoice H5216-263 (PPO),Humana Inc.,07/01/2005
H5216,264,Local CCP,Local PPO,Yes,No,No,HUMANA INSURANCE COMPANY,Humana,HumanaChoice Giveback H5216-264 (PPO),Humana Inc.,07/01/2005
H5216,265,Local CCP,Local PPO,Yes,No,No,HUMANA INSURANCE COMPANY,Humana,HumanaChoice H5216-265 (PPO),Humana Inc.,07/01/2005
H5216,266,Local CCP,Local PPO,Yes,No,No,HUMANA INSURANCE COMPANY,Humana,Humana Value Choice H5216-266 (PPO),Humana Inc.,07/01/2005
H5216,267,Local CCP,Local PPO,Yes,Yes,No,HUMANA INSURANCE COMPANY,Humana,HumanaChoice SNP-DE H5216-267 (PPO D-SNP),Humana Inc.,07/01/2005
H5216,268,Local CCP,Local PPO,Yes,Yes,No,HUMANA INSURANCE COMPANY,Humana,HumanaChoice SNP-DE H5216-268 (PPO D-SNP),Humana Inc.,07/01/2005
H5216,269,Local CCP,Local PPO,Yes,No,No,HUMANA INSURANCE COMPANY,Humana,HumanaChoice H5216-269 (PPO),Humana Inc.,07/01/2005
H5216,271,Local CCP,Local PPO,Yes,No,No,HUMANA INSURANCE COMPANY,Humana,HumanaChoice H5216-271 (PPO),Humana Inc.,07/01/2005
H5216,275,Local CCP,Local PPO,Yes,No,No,HUMANA INSURANCE COMPANY,Humana,HumanaChoice H5216-275 (PPO),Humana Inc.,07/01/2005
H5216,277,Local CCP,Local PPO,Yes,Yes,No,HUMANA INSURANCE COMPANY,Humana,HumanaChoice SNP-DE H5216-277 (PPO D-SNP),Humana Inc.,07/01/2005
H5216,278,Local CCP,Local PPO,No,No,No,HUMANA INSURANCE COMPANY,Humana,Humana USAA Honor Giveback (PPO),Humana Inc.,07/01/2005
H5216,280,Local CCP,Local PPO,Yes,No,No,HUMANA INSURANCE COMPANY,Humana,HumanaChoice H5216-280 (PPO),Humana Inc.,07/01/2005
H5216,281,Local CCP,Local PPO,Yes,No,No,HUMANA INSURANCE COMPANY,Humana,HumanaChoice H5216-281 (PPO),Humana Inc.,07/01/2005
H5216,283,Local CCP,Local PPO,Yes,No,No,HUMANA INSURANCE COMPANY,Humana,HumanaChoice H5216-283 (PPO),Humana Inc.,07/01/2005
H5216,284,Local CCP,Local PPO,Yes,No,No,HUMANA INSURANCE COMPANY,Humana,HumanaChoice H5216-284 (PPO),Humana Inc.,07/01/2005
H5216,285,Local CCP,Local PPO,Yes,No,No,HUMANA INSURANCE COMPANY,Humana,HumanaChoice H5216-285 (PPO),Humana Inc.,07/01/2005
H5216,286,Local CCP,Local PPO,No,No,No,HUMANA INSURANCE COMPANY,Humana,Humana USAA Honor Giveback (PPO),Humana Inc.,07/01/2005
H5216,287,Local CCP,Local PPO,Yes,No,No,HUMANA INSURANCE COMPANY,Humana,Humana Full Access H5216-287 (PPO),Humana Inc.,07/01/2005
H5216,288,Local CCP,Local PPO,Yes,No,No,HUMANA INSURANCE COMPANY,Humana,HumanaChoice H5216-288 (PPO),Humana Inc.,07/01/2005
H5216,289,Local CCP,Local PPO,Yes,No,No,HUMANA INSURANCE COMPANY,Humana,HumanaChoice H5216-289 (PPO),Humana Inc.,07/01/2005
H5216,291,Local CCP,Local PPO,Yes,Yes,No,HUMANA INSURANCE COMPANY,Humana,HumanaChoice SNP-DE H5216-291 (PPO D-SNP),Humana Inc.,07/01/2005
H5216,292,Local CCP,Local PPO,Yes,Yes,No,HUMANA INSURANCE COMPANY,Humana,HumanaChoice SNP-DE H5216-292 (PPO D-SNP),Humana Inc.,07/01/2005
H5216,296,Local CCP,Local PPO,Yes,Yes,No,HUMANA INSURANCE COMPANY,Humana,HumanaChoice SNP-DE H5216-296 (PPO D-SNP),Humana Inc.,07/01/2005
H5216,298,Local CCP,Local PPO,Yes,Yes,No,HUMANA INSURANCE COMPANY,Humana,Humana Dual Select H5216-298 (PPO D-SNP),Humana Inc.,07/01/2005
H5216,300,Local CCP,Local PPO,Yes,No,No,HUMANA INSURANCE COMPANY,Humana,HumanaChoice H5216-300 (PPO),Humana Inc.,07/01/2005
H5216,302,Local CCP,Local PPO,Yes,Yes,No,HUMANA INSURANCE COMPANY,Humana,HumanaChoice SNP-DE H5216-302 (PPO D-SNP),Humana Inc.,07/01/2005
H5216,304,Local CCP,Local PPO,Yes,No,No,HUMANA INSURANCE COMPANY,Humana,HumanaChoice Florida H5216-304 (PPO),Humana Inc.,07/01/2005
H5216,305,Local CCP,Local PPO,Yes,No,No,HUMANA INSURANCE COMPANY,Humana,Humana USAA Honor Giveback with Rx (PPO),Humana Inc.,07/01/2005
H5216,306,Local CCP,Local PPO,Yes,No,No,HUMANA INSURANCE COMPANY,Humana,Humana Full Access Giveback H5216-306 (PPO),Humana Inc.,07/01/2005
H5216,307,Local CCP,Local PPO,Yes,No,No,HUMANA INSURANCE COMPANY,Humana,Humana USAA Honor Giveback with Rx (PPO),Humana Inc.,07/01/2005
H5216,308,Local CCP,Local PPO,Yes,No,No,HUMANA INSURANCE COMPANY,Humana,Humana Essentials Plus Giveback H5216-308 (PPO),Humana Inc.,07/01/2005
H5216,309,Local CCP,Local PPO,Yes,No,No,HUMANA INSURANCE COMPANY,Humana,HumanaChoice Giveback H5216-309 (PPO),Humana Inc.,07/01/2005
H5216,310,Local CCP,Local PPO,No,No,No,HUMANA INSURANCE COMPANY,Humana,Humana USAA Honor Giveback (PPO),Humana Inc.,07/01/2005
H5216,311,Local CCP,Local PPO,Yes,No,No,HUMANA INSURANCE COMPANY,Humana,Humana Full Access Giveback H5216-311 (PPO),Humana Inc.,07/01/2005
H5216,313,Local CCP,Local PPO,Yes,No,No,HUMANA INSURANCE COMPANY,Humana,HumanaChoice H5216-313 (PPO),Humana Inc.,07/01/2005
H5216,314,Local CCP,Local PPO,Yes,No,No,HUMANA INSURANCE COMPANY,Humana,Humana USAA Honor Giveback with Rx (PPO),Humana Inc.,07/01/2005
H5216,316,Local CCP,Local PPO,Yes,No,No,HUMANA INSURANCE COMPANY,Humana,HumanaChoice H5216-316 (PPO),Humana Inc.,07/01/2005
H5216,317,Local CCP,Local PPO,Yes,No,No,HUMANA INSURANCE COMPANY,Humana,HumanaChoice H5216-317 (PPO),Humana Inc.,07/01/2005
H5216,318,Local CCP,Local PPO,Yes,No,No,HUMANA INSURANCE COMPANY,Humana,Humana Value Choice H5216-318 (PPO),Humana Inc.,07/01/2005
H5216,319,Local CCP,Local PPO,Yes,No,No,HUMANA INSURANCE COMPANY,Humana,HumanaChoice Giveback H5216-319 (PPO),Humana Inc.,07/01/2005
H5216,322,Local CCP,Local PPO,Yes,No,No,HUMANA INSURANCE COMPANY,Humana,HumanaChoice Giveback H5216-322 (PPO),Humana Inc.,07/01/2005
H5216,325,Local CCP,Local PPO,Yes,No,No,HUMANA INSURANCE COMPANY,Humana,HumanaChoice H5216-325 (PPO),Humana Inc.,07/01/2005
H5216,326,Local CCP,Local PPO,Yes,No,No,HUMANA INSURANCE COMPANY,Humana,HumanaChoice H5216-326 (PPO),Humana Inc.,07/01/2005
H5216,327,Local CCP,Local PPO,Yes,No,No,HUMANA INSURANCE COMPANY,Humana,HumanaChoice H5216-327 (PPO),Humana Inc.,07/01/2005
H5216,328,Local CCP,Local PPO,Yes,No,No,HUMANA INSURANCE COMPANY,Humana,HumanaChoice Giveback H5216-328 (PPO),Humana Inc.,07/01/2005
H5216,330,Local CCP,Local PPO,Yes,Yes,No,HUMANA INSURANCE COMPANY,Humana,HumanaChoice SNP-DE H5216-330 (PPO D-SNP),Humana Inc.,07/01/2005
H5216,331,Local CCP,Local PPO,Yes,Yes,No,HUMANA INSURANCE COMPANY,Humana,HumanaChoice SNP-DE H5216-331 (PPO D-SNP),Humana Inc.,07/01/2005
H5216,332,Local CCP,Local PPO,Yes,Yes,No,HUMANA INSURANCE COMPANY,Humana,HumanaChoice SNP-DE H5216-332 (PPO D-SNP),Humana Inc.,07/01/2005
H5216,333,Local CCP,Local PPO,Yes,No,No,HUMANA INSURANCE COMPANY,Humana,Humana Full Access H5216-333 (PPO),Humana Inc.,07/01/2005
H5216,334,Local CCP,Local PPO,Yes,Yes,No,HUMANA INSURANCE COMPANY,Humana,HumanaChoice - Diabetes and Heart (PPO C-SNP),Humana Inc.,07/01/2005
H5216,337,Local CCP,Local PPO,Yes,No,No,HUMANA INSURANCE COMPANY,Humana,HumanaChoice H5216-337 (PPO),Humana Inc.,07/01/2005
H5216,339,Local CCP,Local PPO,Yes,No,No,HUMANA INSURANCE COMPANY,Humana,HumanaChoice H5216-339 (PPO),Humana Inc.,07/01/2005
H5216,340,Local CCP,Local PPO,Yes,No,No,HUMANA INSURANCE COMPANY,Humana,HumanaChoice Giveback H5216-340 (PPO),Humana Inc.,07/01/2005
H5216,343,Local CCP,Local PPO,No,No,No,HUMANA INSURANCE COMPANY,Humana,Humana USAA Honor Giveback (PPO),Humana Inc.,07/01/2005
H5216,345,Local CCP,Local PPO,Yes,No,No,HUMANA INSURANCE COMPANY,Humana,HumanaChoice Giveback H5216-345 (PPO),Humana Inc.,07/01/2005
H5216,347,Local CCP,Local PPO,Yes,No,No,HUMANA INSURANCE COMPANY,Humana,HumanaChoice H5216-347 (PPO),Humana Inc.,07/01/2005
H5216,348,Local CCP,Local PPO,No,No,No,HUMANA INSURANCE COMPANY,Humana,Humana USAA Honor Giveback (PPO),Humana Inc.,07/01/2005
H5216,350,Local CCP,Local PPO,Yes,No,No,HUMANA INSURANCE COMPANY,Humana,HumanaChoice Giveback H5216-350 (PPO),Humana Inc.,07/01/2005
H5216,351,Local CCP,Local PPO,Yes,No,No,HUMANA INSURANCE COMPANY,Humana,Humana USAA Honor Giveback with Rx (PPO),Humana Inc.,07/01/2005
H5216,352,Local CCP,Local PPO,Yes,No,No,HUMANA INSURANCE COMPANY,Humana,Humana Value Choice H5216-352 (PPO),Humana Inc.,07/01/2005
H5216,353,Local CCP,Local PPO,Yes,No,No,HUMANA INSURANCE COMPANY,Humana,HumanaChoice H5216-353 (PPO),Humana Inc.,07/01/2005
H5216,355,Local CCP,Local PPO,No,No,No,HUMANA INSURANCE COMPANY,Humana,Humana USAA Honor Giveback (PPO),Humana Inc.,07/01/2005
H5216,358,Local CCP,Local PPO,Yes,No,No,HUMANA INSURANCE COMPANY,Humana,Humana Essentials Plus Giveback H5216-358 (PPO),Humana Inc.,07/01/2005
H5216,359,Local CCP,Local PPO,Yes,No,No,HUMANA INSURANCE COMPANY,Humana,HumanaChoice H5216-359 (PPO),Humana Inc.,07/01/2005
H5216,360,Local CCP,Local PPO,Yes,No,No,HUMANA INSURANCE COMPANY,Humana,HumanaChoice H5216-360 (PPO),Humana Inc.,07/01/2005
H5216,361,Local CCP,Local PPO,Yes,Yes,No,HUMANA INSURANCE COMPANY,Humana,Humana Dual Select H5216-361 (PPO D-SNP),Humana Inc.,07/01/2005
H5216,362,Local CCP,Local PPO,Yes,Yes,No,HUMANA INSURANCE COMPANY,Humana,Humana Together in Health (PPO I-SNP),Humana Inc.,07/01/2005
H5216,363,Local CCP,Local PPO,Yes,No,No,HUMANA INSURANCE COMPANY,Humana,HumanaChoice H5216-363 (PPO),Humana Inc.,07/01/2005
H5216,366,Local CCP,Local PPO,Yes,Yes,No,HUMANA INSURANCE COMPANY,Humana,HumanaChoice - Diabetes and Heart (PPO C-SNP),Humana Inc.,07/01/2005
H5216,367,Local CCP,Local PPO,Yes,Yes,No,HUMANA INSURANCE COMPANY,Humana,HumanaChoice SNP-DE H5216-367 (PPO D-SNP),Humana Inc.,07/01/2005
H5216,368,Local CCP,Local PPO,Yes,No,No,HUMANA INSURANCE COMPANY,Humana,HumanaChoice H5216-368 (PPO),Humana Inc.,07/01/2005
H5216,369,Local CCP,Local PPO,Yes,Yes,No,HUMANA INSURANCE COMPANY,Humana,Humana Together in Health (PPO I-SNP),Humana Inc.,07/01/2005
H5216,370,Local CCP,Local PPO,Yes,Yes,No,HUMANA INSURANCE COMPANY,Humana,HumanaChoice SNP-DE H5216-370 (PPO D-SNP),Humana Inc.,07/01/2005
H5216,371,Local CCP,Local PPO,Yes,No,No,HUMANA INSURANCE COMPANY,Humana,HumanaChoice Giveback H5216-371 (PPO),Humana Inc.,07/01/2005
H5216,372,Local CCP,Local PPO,Yes,Yes,No,HUMANA INSURANCE COMPANY,Humana,HumanaChoice - Diabetes and Heart (PPO C-SNP),Humana Inc.,07/01/2005
H5216,375,Local CCP,Local PPO,Yes,Yes,No,HUMANA INSURANCE COMPANY,Humana,HumanaChoice - Diabetes and Heart (PPO C-SNP),Humana Inc.,07/01/2005
H5216,376,Local CCP,Local PPO,Yes,No,No,HUMANA INSURANCE COMPANY,Humana,HumanaChoice H5216-376 (PPO),Humana Inc.,07/01/2005
H5216,377,Local CCP,Local PPO,Yes,Yes,No,HUMANA INSURANCE COMPANY,Humana,HumanaChoice SNP-DE H5216-377 (PPO D-SNP),Humana Inc.,07/01/2005
H5216,379,Local CCP,Local PPO,No,No,No,HUMANA INSURANCE COMPANY,Humana,Humana USAA Honor Giveback (PPO),Humana Inc.,07/01/2005
H5216,381,Local CCP,Local PPO,No,No,No,HUMANA INSURANCE COMPANY,Humana,Humana USAA Honor Giveback (PPO),Humana Inc.,07/01/2005
H5216,382,Local CCP,Local PPO,Yes,No,No,HUMANA INSURANCE COMPANY,Humana,Humana Value Plus H5216-382 (PPO),Humana Inc.,07/01/2005
H5216,383,Local CCP,Local PPO,Yes,No,No,HUMANA INSURANCE COMPANY,Humana,HumanaChoice H5216-383 (PPO),Humana Inc.,07/01/2005
H5216,384,Local CCP,Local PPO,Yes,No,No,HUMANA INSURANCE COMPANY,Humana,Humana Full Access H5216-384 (PPO),Humana Inc.,07/01/2005
H5216,385,Local CCP,Local PPO,Yes,Yes,No,HUMANA INSURANCE COMPANY,Humana,Humana Dual Select H5216-385 (PPO D-SNP),Humana Inc.,07/01/2005
H5216,386,Local CCP,Local PPO,No,No,No,HUMANA INSURANCE COMPANY,Humana,Humana USAA Honor Giveback (PPO),Humana Inc.,07/01/2005
H5216,387,Local CCP,Local PPO,Yes,No,No,HUMANA INSURANCE COMPANY,Humana,HumanaChoice H5216-387 (PPO),Humana Inc.,07/01/2005
H5216,388,Local CCP,Local PPO,Yes,Yes,No,HUMANA INSURANCE COMPANY,Humana,HumanaChoice SNP-DE H5216-388 (PPO D-SNP),Humana Inc.,07/01/2005
H5216,389,Local CCP,Local PPO,Yes,No,No,HUMANA INSURANCE COMPANY,Humana,HumanaChoice H5216-389 (PPO),Humana Inc.,07/01/2005
H5216,390,Local CCP,Local PPO,Yes,No,No,HUMANA INSURANCE COMPANY,Humana,HumanaChoice H5216-390 (PPO),Humana Inc.,07/01/2005
H5216,391,Local CCP,Local PPO,Yes,No,No,HUMANA INSURANCE COMPANY,Humana,Humana USAA Honor Giveback with Rx (PPO),Humana Inc.,07/01/2005
H5216,393,Local CCP,Local PPO,Yes,No,No,HUMANA INSURANCE COMPANY,Humana,Humana Full Access Giveback H5216-393 (PPO),Humana Inc.,07/01/2005
H5216,394,Local CCP,Local PPO,Yes,Yes,No,HUMANA INSURANCE COMPANY,Humana,HumanaChoice Florida SNP-DE H5216-394 (PPO D-SNP),Humana Inc.,07/01/2005
H5216,395,Local CCP,Local PPO,Yes,No,No,HUMANA INSURANCE COMPANY,Humana,HumanaChoice H5216-395 (PPO),Humana Inc.,07/01/2005
H5216,396,Local CCP,Local PPO,Yes,No,No,HUMANA INSURANCE COMPANY,Humana,Humana USAA Honor Giveback with Rx (PPO),Humana Inc.,07/01/2005
H5216,399,Local CCP,Local PPO,Yes,No,No,HUMANA INSURANCE COMPANY,Humana,HumanaChoice H5216-399 (PPO),Humana Inc.,07/01/2005
H5216,400,Local CCP,Local PPO,Yes,Yes,No,HUMANA INSURANCE COMPANY,Humana,Humana Together in Health (PPO I-SNP),Humana Inc.,07/01/2005
H5216,401,Local CCP,Local PPO,Yes,Yes,No,HUMANA INSURANCE COMPANY,Humana,Humana Together in Health (PPO I-SNP),Humana Inc.,07/01/2005
H5216,402,Local CCP,Local PPO,Yes,Yes,No,HUMANA INSURANCE COMPANY,Humana,Humana Together in Health (PPO I-SNP),Humana Inc.,07/01/2005
H5216,403,Local CCP,Local PPO,Yes,No,No,HUMANA INSURANCE COMPANY,Humana,HumanaChoice Giveback H5216-403 (PPO),Humana Inc.,07/01/2005
H5216,404,Local CCP,Local PPO,Yes,No,No,HUMANA INSURANCE COMPANY,Humana,HumanaChoice Giveback H5216-404 (PPO),Humana Inc.,07/01/2005
H5216,405,Local CCP,Local PPO,Yes,No,No,HUMANA INSURANCE COMPANY,Humana,Humana Essentials Plus Giveback H5216-405 (PPO),Humana Inc.,07/01/2005
H5216,406,Local CCP,Local PPO,Yes,No,No,HUMANA INSURANCE COMPANY,Humana,Humana Direct Choice Giveback (PPO),Humana Inc.,07/01/2005
H5216,407,Local CCP,Local PPO,Yes,No,No,HUMANA INSURANCE COMPANY,Humana,Humana Full Access H5216-407 (PPO),Humana Inc.,07/01/2005
H5216,408,Local CCP,Local PPO,Yes,No,No,HUMANA INSURANCE COMPANY,Humana,HumanaChoice H5216-408 (PPO),Humana Inc.,07/01/2005
H5216,409,Local CCP,Local PPO,Yes,No,No,HUMANA INSURANCE COMPANY,Humana,HumanaChoice Giveback H5216-409 (PPO),Humana Inc.,07/01/2005
H5216,410,Local CCP,Local PPO,Yes,No,No,HUMANA INSURANCE COMPANY,Humana,Humana Full Access H5216-410 (PPO),Humana Inc.,07/01/2005
H5216,411,Local CCP,Local PPO,Yes,No,No,HUMANA INSURANCE COMPANY,Humana,Humana Full Access H5216-411 (PPO),Humana Inc.,07/01/2005
H5216,412,Local CCP,Local PPO,Yes,No,No,HUMANA INSURANCE COMPANY,Humana,Humana Full Access H5216-412 (PPO),Humana Inc.,07/01/2005
H5216,413,Local CCP,Local PPO,Yes,Yes,No,HUMANA INSURANCE COMPANY,Humana,Humana Together in Health (PPO I-SNP),Humana Inc.,07/01/2005
H5216,414,Local CCP,Local PPO,Yes,Yes,No,HUMANA INSURANCE COMPANY,Humana,HumanaChoice - Diabetes and Heart (PPO C-SNP),Humana Inc.,07/01/2005
H5216,416,Local CCP,Local PPO,Yes,Yes,No,HUMANA INSURANCE COMPANY,Humana,Humana Together in Health (PPO I-SNP),Humana Inc.,07/01/2005
H5216,417,Local CCP,Local PPO,Yes,No,No,HUMANA INSURANCE COMPANY,Humana,HumanaChoice H5216-417 (PPO),Humana Inc.,07/01/2005
H5216,420,Local CCP,Local PPO,Yes,Yes,No,HUMANA INSURANCE COMPANY,Humana,HumanaChoice SNP-DE H5216-420 (PPO D-SNP),Humana Inc.,07/01/2005
H5216,421,Local CCP,Local PPO,Yes,No,No,HUMANA INSURANCE COMPANY,Humana,HumanaChoice H5216-421 (PPO),Humana Inc.,07/01/2005
H5216,423,Local CCP,Local PPO,Yes,No,No,HUMANA INSURANCE COMPANY,Humana,HumanaChoice H5216-423 (PPO),Humana Inc.,07/01/2005
H5216,424,Local CCP,Local PPO,Yes,No,No,HUMANA INSURANCE COMPANY,Humana,Humana Direct Choice Giveback (PPO),Humana Inc.,07/01/2005
H5216,425,Local CCP,Local PPO,Yes,No,No,HUMANA INSURANCE COMPANY,Humana,HumanaChoice H5216-425 (PPO),Humana Inc.,07/01/2005
H5216,426,Local CCP,Local PPO,Yes,No,No,HUMANA INSURANCE COMPANY,Humana,HumanaChoice H5216-426 (PPO),Humana Inc.,07/01/2005
H5216,427,Local CCP,Local PPO,No,No,No,HUMANA INSURANCE COMPANY,Humana,Humana USAA Honor Giveback (PPO),Humana Inc.,07/01/2005
H5216,428,Local CCP,Local PPO,Yes,No,No,HUMANA INSURANCE COMPANY,Humana,HumanaChoice H5216-428 (PPO),Humana Inc.,07/01/2005
H5216,429,Local CCP,Local PPO,Yes,No,No,HUMANA INSURANCE COMPANY,Humana,Humana Essentials Plus Giveback H5216-429 (PPO),Humana Inc.,07/01/2005
H5216,430,Local CCP,Local PPO,Yes,No,No,HUMANA INSURANCE COMPANY,Humana,Humana Essentials Plus Giveback H5216-430 (PPO),Humana Inc.,07/01/2005
H5216,431,Local CCP,Local PPO,Yes,No,No,HUMANA INSURANCE COMPANY,Humana,Humana Direct Choice Giveback (PPO),Humana Inc.,07/01/2005
H5216,432,Local CCP,Local PPO,Yes,No,No,HUMANA INSURANCE COMPANY,Humana,Humana Full Access H5216-432 (PPO),Humana Inc.,07/01/2005
H5216,433,Local CCP,Local PPO,Yes,No,No,HUMANA INSURANCE COMPANY,Humana,HumanaChoice Giveback H5216-433 (PPO),Humana Inc.,07/01/2005
H5216,435,Local CCP,Local PPO,Yes,No,No,HUMANA INSURANCE COMPANY,Humana,Humana Essentials Plus Giveback H5216-435 (PPO),Humana Inc.,07/01/2005
H5216,436,Local CCP,Local PPO,No,No,No,HUMANA INSURANCE COMPANY,Humana,Humana USAA Honor Giveback (PPO),Humana Inc.,07/01/2005
H5216,437,Local CCP,Local PPO,No,No,No,HUMANA INSURANCE COMPANY,Humana,HumanaChoice H5216-437 (PPO),Humana Inc.,07/01/2005
H5216,441,Local CCP,Local PPO,No,No,No,HUMANA INSURANCE COMPANY,Humana,Humana USAA Honor Giveback (PPO),Humana Inc.,07/01/2005
H5216,442,Local CCP,Local PPO,No,No,No,HUMANA INSURANCE COMPANY,Humana,Humana USAA Honor Giveback (PPO),Humana Inc.,07/01/2005
H5216,443,Local CCP,Local PPO,Yes,Yes,No,HUMANA INSURANCE COMPANY,Humana,HumanaChoice - Diabetes and Heart (PPO C-SNP),Humana Inc.,07/01/2005
H5216,444,Local CCP,Local PPO,Yes,Yes,No,HUMANA INSURANCE COMPANY,Humana,Humana Together in Health (PPO I-SNP),Humana Inc.,07/01/2005
H5216,446,Local CCP,Local PPO,Yes,Yes,No,HUMANA INSURANCE COMPANY,Humana,Humana Together in Health (PPO I-SNP),Humana Inc.,07/01/2005
H5216,447,Local CCP,Local PPO,Yes,Yes,No,HUMANA INSURANCE COMPANY,Humana,Humana Together in Health (PPO I-SNP),Humana Inc.,07/01/2005
H5216,448,Local CCP,Local PPO,Yes,No,No,HUMANA INSURANCE COMPANY,Humana,HumanaChoice H5216-448 (PPO),Humana Inc.,07/01/2005
H5216,449,Local CCP,Local PPO,Yes,No,No,HUMANA INSURANCE COMPANY,Humana,HumanaChoice H5216-449 (PPO),Humana Inc.,07/01/2005
H5216,450,Local CCP,Local PPO,Yes,No,No,HUMANA INSURANCE COMPANY,Humana,HumanaChoice H5216-450 (PPO),Humana Inc.,07/01/2005
H5216,451,Local CCP,Local PPO,Yes,No,No,HUMANA INSURANCE COMPANY,Humana,Humana Value Choice H5216-451 (PPO),Humana Inc.,07/01/2005
H5216,452,Local CCP,Local PPO,Yes,No,No,HUMANA INSURANCE COMPANY,Humana,Humana Direct Choice Giveback (PPO),Humana Inc.,07/01/2005
H5216,453,Local CCP,Local PPO,Yes,Yes,No,HUMANA INSURANCE COMPANY,Humana,Humana Together in Health Select (PPO I-SNP),Humana Inc.,07/01/2005
H5216,455,Local CCP,Local PPO,No,No,No,HUMANA INSURANCE COMPANY,Humana,Humana USAA Honor Giveback (PPO),Humana Inc.,07/01/2005
H5216,456,Local CCP,Local PPO,Yes,No,No,HUMANA INSURANCE COMPANY,Humana,Humana Value Choice H5216-456 (PPO),Humana Inc.,07/01/2005
H5216,457,Local CCP,Local PPO,Yes,No,No,HUMANA INSURANCE COMPANY,Humana,HumanaChoice H5216-457 (PPO),Humana Inc.,07/01/2005
H5216,459,Local CCP,Local PPO,Yes,Yes,No,HUMANA INSURANCE COMPANY,Humana,HumanaChoice SNP-DE H5216-459 (PPO D-SNP),Humana Inc.,07/01/2005
H5216,461,Local CCP,Local PPO,Yes,No,No,HUMANA INSURANCE COMPANY,Humana,HumanaChoice H5216-461 (PPO),Humana Inc.,07/01/2005
H5216,463,Local CCP,Local PPO,Yes,No,No,HUMANA INSURANCE COMPANY,Humana,HumanaChoice H5216-463 (PPO),Humana Inc.,07/01/2005
H5216,464,Local CCP,Local PPO,Yes,No,No,HUMANA INSURANCE COMPANY,Humana,HumanaChoice H5216-464 (PPO),Humana Inc.,07/01/2005
H5216,465,Local CCP,Local PPO,Yes,No,No,HUMANA INSURANCE COMPANY,Humana,HumanaChoice H5216-465 (PPO),Humana Inc.,07/01/2005
H5216,466,Local CCP,Local PPO,Yes,No,No,HUMANA INSURANCE COMPANY,Humana,HumanaChoice H5216-466 (PPO),Humana Inc.,07/01/2005
H5216,467,Local CCP,Local PPO,No,No,No,HUMANA INSURANCE COMPANY,Humana,Humana USAA Honor Giveback (PPO),Humana Inc.,07/01/2005
H5216,468,Local CCP,Local PPO,Yes,Yes,No,HUMANA INSURANCE COMPANY,Humana,HumanaChoice SNP-DE H5216-468 (PPO D-SNP),Humana Inc.,07/01/2005
H5216,469,Local CCP,Local PPO,Yes,Yes,No,HUMANA INSURANCE COMPANY,Humana,HumanaChoice SNP-DE H5216-469 (PPO D-SNP),Humana Inc.,07/01/2005
H5216,470,Local CCP,Local PPO,Yes,Yes,No,HUMANA INSURANCE COMPANY,Humana,HumanaChoice SNP-DE H5216-470 (PPO D-SNP),Humana Inc.,07/01/2005
H5216,805,Local CCP,Local PPO,Yes,No,Yes,HUMANA INSURANCE COMPANY,Humana,Humana Medicare Employer (PPO),Humana Inc.,07/01/2005
H5216,806,Local CCP,Local PPO,No,No,Yes,HUMANA INSURANCE COMPANY,Humana,Humana Medicare Employer (PPO),Humana Inc.,07/01/2005
H5216,808,Local CCP,Local PPO,Yes,No,Yes,HUMANA INSURANCE COMPANY,Humana,Humana Medicare Employer (PPO),Humana Inc.,07/01/2005
H5216,809,Local CCP,Local PPO,No,No,Yes,HUMANA INSURANCE COMPANY,Humana,Humana Medicare Employer (PPO),Humana Inc.,07/01/2005
H5216,811,Local CCP,Local PPO,Yes,No,Yes,HUMANA INSURANCE COMPANY,Humana,Humana Medicare Employer (PPO),Humana Inc.,07/01/2005
H5216,812,Local CCP,Local PPO,No,No,Yes,HUMANA INSURANCE COMPANY,Humana,Humana Medicare Employer (PPO),Humana Inc.,07/01/2005
H5216,813,Local CCP,Local PPO,Yes,No,Yes,HUMANA INSURANCE COMPANY,Humana,Humana Medicare Employer (PPO),Humana Inc.,07/01/2005
H5216,814,Local CCP,Local PPO,No,No,Yes,HUMANA INSURANCE COMPANY,Humana,Humana Medicare Employer (PPO),Humana Inc.,07/01/2005
H5216,817,Local CCP,Local PPO,Yes,No,Yes,HUMANA INSURANCE COMPANY,Humana,Humana Medicare Employer (PPO),Humana Inc.,07/01/2005
H5216,818,Local CCP,Local PPO,No,No,Yes,HUMANA INSURANCE COMPANY,Humana,Humana Medicare Employer (PPO),Humana Inc.,07/01/2005
H5216,821,Local CCP,Local PPO,Yes,No,Yes,HUMANA INSURANCE COMPANY,Humana,Humana Medicare Employer (PPO),Humana Inc.,07/01/2005
H5216,824,Local CCP,Local PPO,No,No,Yes,HUMANA INSURANCE COMPANY,Humana,Humana Medicare Employer (PPO),Humana Inc.,07/01/2005
H5253,004,Local CCP,HMO/HMOPOS,Yes,No,No,"UNITEDHEALTHCARE OF WISCONSIN, INC.",UnitedHealthcare,AARP Medicare Advantage from UHC WI-0010 (HMO-POS),"UnitedHealth Group, Inc.",08/01/1995
H5253,007,Local CCP,HMO/HMOPOS,Yes,Yes,No,"UNITEDHEALTHCARE OF WISCONSIN, INC.",UnitedHealthcare,UHC Nursing Home Plan WI-F001 (HMO-POS I-SNP),"UnitedHealth Group, Inc.",08/01/1995
H5253,011,Local CCP,HMO/HMOPOS,Yes,No,No,"UNITEDHEALTHCARE OF WISCONSIN, INC.",UnitedHealthcare,AARP Medicare Advantage from UHC WI-0011 (HMO-POS),"UnitedHealth Group, Inc.",08/01/1995
H5253,021,Local CCP,HMO/HMOPOS,No,No,No,"UNITEDHEALTHCARE OF WISCONSIN, INC.",UnitedHealthcare,AARP Medicare Advantage Patriot No Rx WI-MA02 (HMO-POS),"UnitedHealth Group, Inc.",08/01/1995
H5253,024,Local CCP,HMO/HMOPOS,Yes,Yes,No,"UNITEDHEALTHCARE OF WISCONSIN, INC.",UnitedHealthcare,UHC Dual Complete WI-D003 (HMO-POS D-SNP),"UnitedHealth Group, Inc.",08/01/1995
H5253,030,Local CCP,HMO/HMOPOS,Yes,No,No,"UNITEDHEALTHCARE OF WISCONSIN, INC.",UnitedHealthcare,AARP Medicare Advantage from UHC WI-0012 (HMO-POS),"UnitedHealth Group, Inc.",08/01/1995
H5253,033,Local CCP,HMO/HMOPOS,Yes,No,No,"UNITEDHEALTHCARE OF WISCONSIN, INC.",UnitedHealthcare,AARP Medicare Advantage Essentials from UHC WI-13 (HMO-POS),"UnitedHealth Group, Inc.",08/01/1995
H5253,034,Local CCP,HMO/HMOPOS,Yes,No,No,"UNITEDHEALTHCARE OF WISCONSIN, INC.",UnitedHealthcare,AARP Medicare Advantage from UHC WI-0014 (HMO-POS),"UnitedHealth Group, Inc.",08/01/1995
H5253,035,Local CCP,HMO/HMOPOS,Yes,No,No,"UNITEDHEALTHCARE OF WISCONSIN, INC.",UnitedHealthcare,AARP Medicare Advantage from UHC AZ-0013 (HMO-POS),"UnitedHealth Group, Inc.",08/01/1995
H5253,036,Local CCP,HMO/HMOPOS,Yes,No,No,"UNITEDHEALTHCARE OF WISCONSIN, INC.",UnitedHealthcare,AARP Medicare Advantage from UHC AZ-0014 (HMO-POS),"UnitedHealth Group, Inc.",08/01/1995
H5253,037,Local CCP,HMO/HMOPOS,Yes,No,No,"UNITEDHEALTHCARE OF WISCONSIN, INC.",UnitedHealthcare,AARP Medicare Advantage from UHC NC-0021 (HMO-POS),"UnitedHealth Group, Inc.",08/01/1995
H5253,038,Local CCP,HMO/HMOPOS,Yes,No,No,"UNITEDHEALTHCARE OF WISCONSIN, INC.",UnitedHealthcare,AARP Medicare Advantage from UHC NC-0022 (HMO-POS),"UnitedHealth Group, Inc.",08/01/1995
H5253,039,Local CCP,HMO/HMOPOS,Yes,No,No,"UNITEDHEALTHCARE OF WISCONSIN, INC.",UnitedHealthcare,AARP Medicare Advantage from UHC NC-0007 (HMO-POS),"UnitedHealth Group, Inc.",08/01/1995
H5253,040,Local CCP,HMO/HMOPOS,No,No,No,"UNITEDHEALTHCARE OF WISCONSIN, INC.",UnitedHealthcare,AARP Medicare Advantage Patriot No Rx NC-MA02 (HMO-POS),"UnitedHealth Group, Inc.",08/01/1995
H5253,041,Local CCP,HMO/HMOPOS,Yes,Yes,No,"UNITEDHEALTHCARE OF WISCONSIN, INC.",UnitedHealthcare,UHC Dual Complete NC-D001 (HMO-POS D-SNP),"UnitedHealth Group, Inc.",08/01/1995
H5253,047,Local CCP,HMO/HMOPOS,Yes,No,No,"UNITEDHEALTHCARE OF WISCONSIN, INC.",UnitedHealthcare,AARP Medicare Advantage from UHC TC-0002 (HMO-POS),"UnitedHealth Group, Inc.",08/01/1995
H5253,048,Local CCP,HMO/HMOPOS,Yes,No,No,"UNITEDHEALTHCARE OF WISCONSIN, INC.",UnitedHealthcare,AARP Medicare Advantage from UHC TC-0003 (HMO-POS),"UnitedHealth Group, Inc.",08/01/1995
H5253,051,Local CCP,HMO/HMOPOS,Yes,No,No,"UNITEDHEALTHCARE OF WISCONSIN, INC.",UnitedHealthcare,AARP Medicare Advantage from UHC OH-0001 (HMO-POS),"UnitedHealth Group, Inc.",08/01/1995
H5253,059,Local CCP,HMO/HMOPOS,Yes,Yes,No,"UNITEDHEALTHCARE OF WISCONSIN, INC.",UnitedHealthcare,UHC Dual Complete OH-D001 (HMO D-SNP),"UnitedHealth Group, Inc.",08/01/1995
H5253,062,Local CCP,HMO/HMOPOS,Yes,No,No,"UNITEDHEALTHCARE OF WISCONSIN, INC.",UnitedHealthcare,AARP Medicare Advantage Essentials from UHC OH-2 (HMO-POS),"UnitedHealth Group, Inc.",08/01/1995
H5253,064,Local CCP,HMO/HMOPOS,Yes,Yes,No,"UNITEDHEALTHCARE OF WISCONSIN, INC.",UnitedHealthcare,UHC Care Advantage WI-E001 (HMO-POS I-SNP),"UnitedHealth Group, Inc.",08/01/1995
H5253,072,Local CCP,HMO/HMOPOS,Yes,No,No,"UNITEDHEALTHCARE OF WISCONSIN, INC.",UnitedHealthcare,AARP Medicare Advantage from UHC WI-0015 (HMO-POS),"UnitedHealth Group, Inc.",08/01/1995
H5253,079,Local CCP,HMO/HMOPOS,Yes,No,No,"UNITEDHEALTHCARE OF WISCONSIN, INC.",UnitedHealthcare,AARP Medicare Advantage from UHC NC-0008 (HMO-POS),"UnitedHealth Group, Inc.",08/01/1995
H5253,080,Local CCP,HMO/HMOPOS,Yes,No,No,"UNITEDHEALTHCARE OF WISCONSIN, INC.",UnitedHealthcare,AARP Medicare Advantage from UHC NC-0009 (HMO-POS),"UnitedHealth Group, Inc.",08/01/1995
H5253,081,Local CCP,HMO/HMOPOS,Yes,No,No,"UNITEDHEALTHCARE OF WISCONSIN, INC.",UnitedHealthcare,AARP Medicare Advantage from UHC TN-0003 (HMO-POS),"UnitedHealth Group, Inc.",08/01/1995
H5253,082,Local CCP,HMO/HMOPOS,Yes,No,No,"UNITEDHEALTHCARE OF WISCONSIN, INC.",UnitedHealthcare,AARP Medicare Advantage from UHC TN-0004 (HMO-POS),"UnitedHealth Group, Inc.",08/01/1995
H5253,084,Local CCP,HMO/HMOPOS,Yes,No,No,"UNITEDHEALTHCARE OF WISCONSIN, INC.",UnitedHealthcare,AARP Medicare Advantage from UHC TN-0006 (HMO-POS),"UnitedHealth Group, Inc.",08/01/1995
H5253,087,Local CCP,HMO/HMOPOS,Yes,No,No,"UNITEDHEALTHCARE OF WISCONSIN, INC.",UnitedHealthcare,AARP Medicare Advantage from UHC VA-0008 (HMO-POS),"UnitedHealth Group, Inc.",08/01/1995
H5253,088,Local CCP,HMO/HMOPOS,Yes,No,No,"UNITEDHEALTHCARE OF WISCONSIN, INC.",UnitedHealthcare,AARP Medicare Advantage from UHC VA-0009 (HMO-POS),"UnitedHealth Group, Inc.",08/01/1995
H5253,089,Local CCP,HMO/HMOPOS,Yes,No,No,"UNITEDHEALTHCARE OF WISCONSIN, INC.",UnitedHealthcare,AARP Medicare Advantage from UHC VA-0010 (HMO-POS),"UnitedHealth Group, Inc.",08/01/1995
H5253,097,Local CCP,HMO/HMOPOS,Yes,No,No,"UNITEDHEALTHCARE OF WISCONSIN, INC.",UnitedHealthcare,AARP Medicare Advantage from UHC WI-0017 (HMO-POS),"UnitedHealth Group, Inc.",08/01/1995
H5253,099,Local CCP,HMO/HMOPOS,Yes,No,No,"UNITEDHEALTHCARE OF WISCONSIN, INC.",UnitedHealthcare,AARP Medicare Advantage Essentials from UHC KY-1 (HMO-POS),"UnitedHealth Group, Inc.",08/01/1995
H5253,100,Local CCP,HMO/HMOPOS,Yes,No,No,"UNITEDHEALTHCARE OF WISCONSIN, INC.",UnitedHealthcare,AARP Medicare Advantage from UHC KY-0002 (HMO-POS),"UnitedHealth Group, Inc.",08/01/1995
H5253,103,Local CCP,HMO/HMOPOS,Yes,No,No,"UNITEDHEALTHCARE OF WISCONSIN, INC.",UnitedHealthcare,AARP Medicare Advantage from UHC NC-0011 (HMO-POS),"UnitedHealth Group, Inc.",08/01/1995
H5253,104,Local CCP,HMO/HMOPOS,Yes,No,No,"UNITEDHEALTHCARE OF WISCONSIN, INC.",UnitedHealthcare,AARP Medicare Advantage from UHC NC-0012 (HMO-POS),"UnitedHealth Group, Inc.",08/01/1995
H5253,105,Local CCP,HMO/HMOPOS,Yes,No,No,"UNITEDHEALTHCARE OF WISCONSIN, INC.",UnitedHealthcare,AARP Medicare Advantage Giveback from UHC NC-13 (HMO-POS),"UnitedHealth Group, Inc.",08/01/1995
H5253,108,Local CCP,HMO/HMOPOS,Yes,No,No,"UNITEDHEALTHCARE OF WISCONSIN, INC.",UnitedHealthcare,AARP Medicare Advantage from UHC IA-0002 (HMO-POS),"UnitedHealth Group, Inc.",08/01/1995
H5253,109,Local CCP,HMO/HMOPOS,Yes,No,No,"UNITEDHEALTHCARE OF WISCONSIN, INC.",UnitedHealthcare,AARP Medicare Advantage from UHC OH-0003 (HMO-POS),"UnitedHealth Group, Inc.",08/01/1995
H5253,110,Local CCP,HMO/HMOPOS,Yes,No,No,"UNITEDHEALTHCARE OF WISCONSIN, INC.",UnitedHealthcare,AARP Medicare Advantage Giveback from UHC NC-14 (HMO-POS),"UnitedHealth Group, Inc.",08/01/1995
H5253,111,Local CCP,HMO/HMOPOS,Yes,No,No,"UNITEDHEALTHCARE OF WISCONSIN, INC.",UnitedHealthcare,AARP Medicare Advantage from UHC VA-0011 (HMO-POS),"UnitedHealth Group, Inc.",08/01/1995
H5253,112,Local CCP,HMO/HMOPOS,Yes,No,No,"UNITEDHEALTHCARE OF WISCONSIN, INC.",UnitedHealthcare,AARP Medicare Advantage from UHC VA-0012 (HMO-POS),"UnitedHealth Group, Inc.",08/01/1995
H5253,113,Local CCP,HMO/HMOPOS,No,No,No,"UNITEDHEALTHCARE OF WISCONSIN, INC.",UnitedHealthcare,AARP Medicare Advantage Patriot No Rx TC-MA01 (HMO-POS),"UnitedHealth Group, Inc.",08/01/1995
H5253,116,Local CCP,HMO/HMOPOS,Yes,Yes,No,"UNITEDHEALTHCARE OF WISCONSIN, INC.",UnitedHealthcare,UHC Dual Complete NC-V001 (HMO-POS D-SNP),"UnitedHealth Group, Inc.",08/01/1995
H5253,117,Local CCP,HMO/HMOPOS,Yes,No,No,"UNITEDHEALTHCARE OF WISCONSIN, INC.",UnitedHealthcare,AARP Medicare Advantage from UHC NC-0015 (HMO-POS),"UnitedHealth Group, Inc.",08/01/1995
H5253,119,Local CCP,HMO/HMOPOS,Yes,No,No,"UNITEDHEALTHCARE OF WISCONSIN, INC.",UnitedHealthcare,AARP Medicare Advantage Giveback from UHC VA-13 (HMO-POS),"UnitedHealth Group, Inc.",08/01/1995
H5253,120,Local CCP,HMO/HMOPOS,Yes,No,No,"UNITEDHEALTHCARE OF WISCONSIN, INC.",UnitedHealthcare,AARP Medicare Advantage from UHC VA-0014 (HMO-POS),"UnitedHealth Group, Inc.",08/01/1995
H5253,121,Local CCP,HMO/HMOPOS,Yes,No,No,"UNITEDHEALTHCARE OF WISCONSIN, INC.",UnitedHealthcare,AARP Medicare Advantage Giveback from UHC TC-4 (HMO-POS),"UnitedHealth Group, Inc.",08/01/1995
H5253,122,Local CCP,HMO/HMOPOS,Yes,Yes,No,"UNITEDHEALTHCARE OF WISCONSIN, INC.",UnitedHealthcare,UHC Dual Complete OH-V001 (HMO D-SNP),"UnitedHealth Group, Inc.",08/01/1995
H5253,124,Local CCP,HMO/HMOPOS,Yes,No,No,"UNITEDHEALTHCARE OF WISCONSIN, INC.",UnitedHealthcare,AARP Medicare Advantage Essentials from UHC OH-6 (HMO-POS),"UnitedHealth Group, Inc.",08/01/1995
H5253,125,Local CCP,HMO/HMOPOS,Yes,No,No,"UNITEDHEALTHCARE OF WISCONSIN, INC.",UnitedHealthcare,AARP Medicare Advantage Essentials from UHC OH-7 (HMO-POS),"UnitedHealth Group, Inc.",08/01/1995
H5253,126,Local CCP,HMO/HMOPOS,Yes,No,No,"UNITEDHEALTHCARE OF WISCONSIN, INC.",UnitedHealthcare,AARP Medicare Advantage Extras from UHC OH-8 (HMO-POS),"UnitedHealth Group, Inc.",08/01/1995
H5253,127,Local CCP,HMO/HMOPOS,Yes,No,No,"UNITEDHEALTHCARE OF WISCONSIN, INC.",UnitedHealthcare,AARP Medicare Advantage Giveback from UHC KY-4 (HMO-POS),"UnitedHealth Group, Inc.",08/01/1995
H5253,128,Local CCP,HMO/HMOPOS,Yes,No,No,"UNITEDHEALTHCARE OF WISCONSIN, INC.",UnitedHealthcare,AARP Medicare Advantage Extras from UHC KY-5 (HMO-POS),"UnitedHealth Group, Inc.",08/01/1995
H5253,130,Local CCP,HMO/HMOPOS,Yes,No,No,"UNITEDHEALTHCARE OF WISCONSIN, INC.",UnitedHealthcare,AARP Medicare Advantage Extras from UHC OH-9 (HMO-POS),"UnitedHealth Group, Inc.",08/01/1995
H5253,131,Local CCP,HMO/HMOPOS,Yes,No,No,"UNITEDHEALTHCARE OF WISCONSIN, INC.",UnitedHealthcare,AARP Medicare Advantage Extras from UHC OH-10 (HMO-POS),"UnitedHealth Group, Inc.",08/01/1995
H5253,132,Local CCP,HMO/HMOPOS,Yes,No,No,"UNITEDHEALTHCARE OF WISCONSIN, INC.",UnitedHealthcare,AARP Medicare Advantage Extras from UHC OH-11 (HMO-POS),"UnitedHealth Group, Inc.",08/01/1995
H5253,133,Local CCP,HMO/HMOPOS,Yes,No,No,"UNITEDHEALTHCARE OF WISCONSIN, INC.",UnitedHealthcare,AARP Medicare Advantage Extras from UHC OH-12 (HMO-POS),"UnitedHealth Group, Inc.",08/01/1995
H5253,134,Local CCP,HMO/HMOPOS,Yes,No,No,"UNITEDHEALTHCARE OF WISCONSIN, INC.",UnitedHealthcare,AARP Medicare Advantage Extras from UHC OH-13 (HMO-POS),"UnitedHealth Group, Inc.",08/01/1995
H5253,135,Local CCP,HMO/HMOPOS,Yes,No,No,"UNITEDHEALTHCARE OF WISCONSIN, INC.",UnitedHealthcare,AARP Medicare Advantage Giveback from UHC OH-17 (HMO-POS),"UnitedHealth Group, Inc.",08/01/1995
H5253,141,Local CCP,HMO/HMOPOS,Yes,No,No,"UNITEDHEALTHCARE OF WISCONSIN, INC.",UnitedHealthcare,AARP Medicare Advantage from UHC MS-0001 (HMO-POS),"UnitedHealth Group, Inc.",08/01/1995
H5253,142,Local CCP,HMO/HMOPOS,Yes,No,No,"UNITEDHEALTHCARE OF WISCONSIN, INC.",UnitedHealthcare,AARP Medicare Advantage Essentials from UHC DE-3 (HMO-POS),"UnitedHealth Group, Inc.",08/01/1995
H5253,143,Local CCP,HMO/HMOPOS,No,No,No,"UNITEDHEALTHCARE OF WISCONSIN, INC.",UnitedHealthcare,AARP Medicare Advantage Patriot No Rx DE-MA01 (HMO-POS),"UnitedHealth Group, Inc.",08/01/1995
H5253,144,Local CCP,HMO/HMOPOS,Yes,No,No,"UNITEDHEALTHCARE OF WISCONSIN, INC.",UnitedHealthcare,AARP Medicare Advantage Essentials from UHC OH-5 (HMO-POS),"UnitedHealth Group, Inc.",08/01/1995
H5253,145,Local CCP,HMO/HMOPOS,Yes,No,No,"UNITEDHEALTHCARE OF WISCONSIN, INC.",UnitedHealthcare,AARP Medicare Advantage from UHC PA-0001 (HMO-POS),"UnitedHealth Group, Inc.",08/01/1995
H5253,146,Local CCP,HMO/HMOPOS,Yes,No,No,"UNITEDHEALTHCARE OF WISCONSIN, INC.",UnitedHealthcare,AARP Medicare Advantage from UHC PA-0002 (HMO-POS),"UnitedHealth Group, Inc.",08/01/1995
H5253,147,Local CCP,HMO/HMOPOS,Yes,No,No,"UNITEDHEALTHCARE OF WISCONSIN, INC.",UnitedHealthcare,AARP Medicare Advantage from UHC PA-0003 (HMO-POS),"UnitedHealth Group, Inc.",08/01/1995
H5253,148,Local CCP,HMO/HMOPOS,Yes,No,No,"UNITEDHEALTHCARE OF WISCONSIN, INC.",UnitedHealthcare,AARP Medicare Advantage from UHC RI-0001 (HMO-POS),"UnitedHealth Group, Inc.",08/01/1995
H5253,149,Local CCP,HMO/HMOPOS,No,No,No,"UNITEDHEALTHCARE OF WISCONSIN, INC.",UnitedHealthcare,AARP Medicare Advantage Patriot No Rx RI-MA01 (HMO-POS),"UnitedHealth Group, Inc.",08/01/1995
H5253,150,Local CCP,HMO/HMOPOS,Yes,No,No,"UNITEDHEALTHCARE OF WISCONSIN, INC.",UnitedHealthcare,AARP Medicare Advantage from UHC RI-0002 (HMO-POS),"UnitedHealth Group, Inc.",08/01/1995
H5253,152,Local CCP,HMO/HMOPOS,No,No,No,"UNITEDHEALTHCARE OF WISCONSIN, INC.",UnitedHealthcare,AARP Medicare Advantage Patriot No Rx PA-MA01 (HMO-POS),"UnitedHealth Group, Inc.",08/01/1995
H5253,154,Local CCP,HMO/HMOPOS,Yes,No,No,"UNITEDHEALTHCARE OF WISCONSIN, INC.",UnitedHealthcare,AARP Medicare Advantage Essentials from UHC PA-5 (HMO-POS),"UnitedHealth Group, Inc.",08/01/1995
H5253,155,Local CCP,HMO/HMOPOS,Yes,Yes,No,"UNITEDHEALTHCARE OF WISCONSIN, INC.",UnitedHealthcare,UHC Complete Care MA-7 (HMO-POS C-SNP),"UnitedHealth Group, Inc.",08/01/1995
H5253,157,Local CCP,HMO/HMOPOS,Yes,No,No,"UNITEDHEALTHCARE OF WISCONSIN, INC.",UnitedHealthcare,AARP Medicare Advantage from UHC MA-0003 (HMO-POS),"UnitedHealth Group, Inc.",08/01/1995
H5253,159,Local CCP,HMO/HMOPOS,Yes,No,No,"UNITEDHEALTHCARE OF WISCONSIN, INC.",UnitedHealthcare,AARP Medicare Advantage CareFlex from UHC MA-9 (HMO-POS),"UnitedHealth Group, Inc.",08/01/1995
H5253,161,Local CCP,HMO/HMOPOS,Yes,Yes,No,"UNITEDHEALTHCARE OF WISCONSIN, INC.",UnitedHealthcare,UHC Complete Care ME-6 (HMO-POS C-SNP),"UnitedHealth Group, Inc.",08/01/1995
H5253,162,Local CCP,HMO/HMOPOS,Yes,No,No,"UNITEDHEALTHCARE OF WISCONSIN, INC.",UnitedHealthcare,UHC Northern Light Health ME-0001 (HMO-POS),"UnitedHealth Group, Inc.",08/01/1995
H5253,166,Local CCP,HMO/HMOPOS,Yes,Yes,No,"UNITEDHEALTHCARE OF WISCONSIN, INC.",UnitedHealthcare,UHC Complete Care Support NH-2A (HMO-POS C-SNP),"UnitedHealth Group, Inc.",08/01/1995
H5253,168,Local CCP,HMO/HMOPOS,Yes,Yes,No,"UNITEDHEALTHCARE OF WISCONSIN, INC.",UnitedHealthcare,UHC Complete Care RI-4 (HMO-POS C-SNP),"UnitedHealth Group, Inc.",08/01/1995
H5253,169,Local CCP,HMO/HMOPOS,Yes,No,No,"UNITEDHEALTHCARE OF WISCONSIN, INC.",UnitedHealthcare,AARP Medicare Advantage CareFlex from UHC RI-5 (HMO-POS),"UnitedHealth Group, Inc.",08/01/1995
H5253,171,Local CCP,HMO/HMOPOS,Yes,No,No,"UNITEDHEALTHCARE OF WISCONSIN, INC.",UnitedHealthcare,AARP Medicare Advantage from UHC OK-0001 (HMO-POS),"UnitedHealth Group, Inc.",08/01/1995
H5253,172,Local CCP,HMO/HMOPOS,Yes,No,No,"UNITEDHEALTHCARE OF WISCONSIN, INC.",UnitedHealthcare,AARP Medicare Advantage from UHC OK-0002 (HMO-POS),"UnitedHealth Group, Inc.",08/01/1995
H5253,173,Local CCP,HMO/HMOPOS,Yes,No,No,"UNITEDHEALTHCARE OF WISCONSIN, INC.",UnitedHealthcare,AARP Medicare Advantage Essentials from UHC OK-3 (HMO-POS),"UnitedHealth Group, Inc.",08/01/1995
H5253,174,Local CCP,HMO/HMOPOS,Yes,No,No,"UNITEDHEALTHCARE OF WISCONSIN, INC.",UnitedHealthcare,AARP Medicare Advantage from UHC OK-0004 (HMO-POS),"UnitedHealth Group, Inc.",08/01/1995
H5253,175,Local CCP,HMO/HMOPOS,Yes,Yes,No,"UNITEDHEALTHCARE OF WISCONSIN, INC.",UnitedHealthcare,UHC Complete Care OK-8 (HMO-POS C-SNP),"UnitedHealth Group, Inc.",08/01/1995
H5253,176,Local CCP,HMO/HMOPOS,Yes,Yes,No,"UNITEDHEALTHCARE OF WISCONSIN, INC.",UnitedHealthcare,UHC Complete Care OK-9 (HMO-POS C-SNP),"UnitedHealth Group, Inc.",08/01/1995
H5253,178,Local CCP,HMO/HMOPOS,Yes,No,No,"UNITEDHEALTHCARE OF WISCONSIN, INC.",UnitedHealthcare,AARP Medicare Advantage CareFlex from UHC AZ-17 (HMO-POS),"UnitedHealth Group, Inc.",08/01/1995
H5253,179,Local CCP,HMO/HMOPOS,Yes,Yes,No,"UNITEDHEALTHCARE OF WISCONSIN, INC.",UnitedHealthcare,UHC Complete Care DE-4 (HMO-POS C-SNP),"UnitedHealth Group, Inc.",08/01/1995
H5253,180,Local CCP,HMO/HMOPOS,Yes,Yes,No,"UNITEDHEALTHCARE OF WISCONSIN, INC.",UnitedHealthcare,UHC Complete Care IA-5 (HMO-POS C-SNP),"UnitedHealth Group, Inc.",08/01/1995
H5253,182,Local CCP,HMO/HMOPOS,Yes,Yes,No,"UNITEDHEALTHCARE OF WISCONSIN, INC.",UnitedHealthcare,UHC Complete Care KY-6 (HMO-POS C-SNP),"UnitedHealth Group, Inc.",08/01/1995
H5253,183,Local CCP,HMO/HMOPOS,Yes,Yes,No,"UNITEDHEALTHCARE OF WISCONSIN, INC.",UnitedHealthcare,UHC Complete Care MS-6 (HMO-POS C-SNP),"UnitedHealth Group, Inc.",08/01/1995
H5253,184,Local CCP,HMO/HMOPOS,Yes,Yes,No,"UNITEDHEALTHCARE OF WISCONSIN, INC.",UnitedHealthcare,UHC Dual Complete NC-S3 (HMO-POS D-SNP),"UnitedHealth Group, Inc.",08/01/1995
H5253,185,Local CCP,HMO/HMOPOS,Yes,No,No,"UNITEDHEALTHCARE OF WISCONSIN, INC.",UnitedHealthcare,AARP Medicare Advantage from UHC NC-24 (HMO-POS),"UnitedHealth Group, Inc.",08/01/1995
H5253,186,Local CCP,HMO/HMOPOS,Yes,Yes,No,"UNITEDHEALTHCARE OF WISCONSIN, INC.",UnitedHealthcare,UHC Complete Care NC-25 (HMO-POS C-SNP),"UnitedHealth Group, Inc.",08/01/1995
H5253,187,Local CCP,HMO/HMOPOS,Yes,No,No,"UNITEDHEALTHCARE OF WISCONSIN, INC.",UnitedHealthcare,AARP Medicare Advantage from UHC NC-26 (HMO-POS),"UnitedHealth Group, Inc.",08/01/1995
H5253,188,Local CCP,HMO/HMOPOS,Yes,Yes,No,"UNITEDHEALTHCARE OF WISCONSIN, INC.",UnitedHealthcare,UHC Complete Care NC-27 (HMO-POS C-SNP),"UnitedHealth Group, Inc.",08/01/1995
H5253,189,Local CCP,HMO/HMOPOS,Yes,Yes,No,"UNITEDHEALTHCARE OF WISCONSIN, INC.",UnitedHealthcare,UHC Complete Care NC-28 (HMO-POS C-SNP),"UnitedHealth Group, Inc.",08/01/1995
H5253,190,Local CCP,HMO/HMOPOS,Yes,Yes,No,"UNITEDHEALTHCARE OF WISCONSIN, INC.",UnitedHealthcare,UHC Complete Care OH-18 (HMO-POS C-SNP),"UnitedHealth Group, Inc.",08/01/1995
H5253,192,Local CCP,HMO/HMOPOS,Yes,Yes,No,"UNITEDHEALTHCARE OF WISCONSIN, INC.",UnitedHealthcare,UHC Complete Care PA-17 (HMO-POS C-SNP),"UnitedHealth Group, Inc.",08/01/1995
H5253,193,Local CCP,HMO/HMOPOS,Yes,Yes,No,"UNITEDHEALTHCARE OF WISCONSIN, INC.",UnitedHealthcare,UHC Complete Care TC-0005 (HMO-POS C-SNP),"UnitedHealth Group, Inc.",08/01/1995
H5253,194,Local CCP,HMO/HMOPOS,Yes,Yes,No,"UNITEDHEALTHCARE OF WISCONSIN, INC.",UnitedHealthcare,UHC Complete Care Support TC-6 (HMO-POS C-SNP),"UnitedHealth Group, Inc.",08/01/1995
H5253,195,Local CCP,HMO/HMOPOS,Yes,Yes,No,"UNITEDHEALTHCARE OF WISCONSIN, INC.",UnitedHealthcare,UHC Complete Care VA-21 (HMO-POS C-SNP),"UnitedHealth Group, Inc.",08/01/1995
H5253,196,Local CCP,HMO/HMOPOS,Yes,Yes,No,"UNITEDHEALTHCARE OF WISCONSIN, INC.",UnitedHealthcare,UHC Complete Care VA-22 (HMO-POS C-SNP),"UnitedHealth Group, Inc.",08/01/1995
H5253,197,Local CCP,HMO/HMOPOS,Yes,Yes,No,"UNITEDHEALTHCARE OF WISCONSIN, INC.",UnitedHealthcare,UHC Complete Care VA-23 (HMO-POS C-SNP),"UnitedHealth Group, Inc.",08/01/1995
H5253,198,Local CCP,HMO/HMOPOS,Yes,No,No,"UNITEDHEALTHCARE OF WISCONSIN, INC.",UnitedHealthcare,AARP Medicare Advantage CareFlex from UHC WI-18 (HMO-POS),"UnitedHealth Group, Inc.",08/01/1995
H5253,199,Local CCP,HMO/HMOPOS,Yes,No,No,"UNITEDHEALTHCARE OF WISCONSIN, INC.",UnitedHealthcare,AARP Medicare Advantage Extras from UHC WI-19 (HMO-POS),"UnitedHealth Group, Inc.",08/01/1995
H5253,200,Local CCP,HMO/HMOPOS,Yes,Yes,No,"UNITEDHEALTHCARE OF WISCONSIN, INC.",UnitedHealthcare,UHC Complete Care Support DE-5A (HMO-POS C-SNP),"UnitedHealth Group, Inc.",08/01/1995
H5253,201,Local CCP,HMO/HMOPOS,Yes,No,No,"UNITEDHEALTHCARE OF WISCONSIN, INC.",UnitedHealthcare,AARP Medicare Advantage from UHC OH-18 (HMO-POS),"UnitedHealth Group, Inc.",08/01/1995
H5253,202,Local CCP,HMO/HMOPOS,Yes,Yes,No,"UNITEDHEALTHCARE OF WISCONSIN, INC.",UnitedHealthcare,UHC Complete Care WI-20 (HMO-POS C-SNP),"UnitedHealth Group, Inc.",08/01/1995
H5253,203,Local CCP,HMO/HMOPOS,Yes,No,No,"UNITEDHEALTHCARE OF WISCONSIN, INC.",UnitedHealthcare,AARP Medicare Advantage Extras from UHC PA-18 (HMO-POS),"UnitedHealth Group, Inc.",08/01/1995
H5253,204,Local CCP,HMO/HMOPOS,Yes,No,No,"UNITEDHEALTHCARE OF WISCONSIN, INC.",UnitedHealthcare,AARP Medicare Advantage Extras from UHC OK-8 (HMO-POS),"UnitedHealth Group, Inc.",08/01/1995
H5253,205,Local CCP,HMO/HMOPOS,No,No,No,"UNITEDHEALTHCARE OF WISCONSIN, INC.",UnitedHealthcare,AARP Medicare Advantage Patriot No Rx OK-MA2 (HMO-POS),"UnitedHealth Group, Inc.",08/01/1995
H5253,206,Local CCP,HMO/HMOPOS,Yes,No,No,"UNITEDHEALTHCARE OF WISCONSIN, INC.",UnitedHealthcare,AARP Medicare Advantage Extras from UHC DE-6 (HMO-POS),"UnitedHealth Group, Inc.",08/01/1995
H5253,207,Local CCP,HMO/HMOPOS,Yes,No,No,"UNITEDHEALTHCARE OF WISCONSIN, INC.",UnitedHealthcare,AARP Medicare Advantage from UHC NH-2 (HMO-POS),"UnitedHealth Group, Inc.",08/01/1995
H5253,208,Local CCP,HMO/HMOPOS,Yes,No,No,"UNITEDHEALTHCARE OF WISCONSIN, INC.",UnitedHealthcare,AARP Medicare Advantage from UHC NH-1 (HMO-POS),"UnitedHealth Group, Inc.",08/01/1995
H5253,209,Local CCP,HMO/HMOPOS,Yes,No,No,"UNITEDHEALTHCARE OF WISCONSIN, INC.",UnitedHealthcare,AARP Medicare Advantage from UHC IA-1 (HMO-POS),"UnitedHealth Group, Inc.",08/01/1995
H5253,801,Local CCP,HMO/HMOPOS,Yes,No,Yes,"UNITEDHEALTHCARE OF WISCONSIN, INC.",UnitedHealthcare,UnitedHealthcare Group Medicare Advantage (HMO),"UnitedHealth Group, Inc.",08/01/1995
H5253,802,Local CCP,HMO/HMOPOS,No,No,Yes,"UNITEDHEALTHCARE OF WISCONSIN, INC.",UnitedHealthcare,UnitedHealthcare Group Medicare Advantage (HMO),"UnitedHealth Group, Inc.",08/01/1995
H5253,805,Local CCP,HMO/HMOPOS,Yes,No,Yes,"UNITEDHEALTHCARE OF WISCONSIN, INC.",UnitedHealthcare,UnitedHealthcare Group Medicare Advantage (HMO),"UnitedHealth Group, Inc.",08/01/1995
H5253,810,Local CCP,HMO/HMOPOS,Yes,No,Yes,"UNITEDHEALTHCARE OF WISCONSIN, INC.",UnitedHealthcare,UnitedHealthcare Group Medicare Advantage (HMO),"UnitedHealth Group, Inc.",08/01/1995
H5253,811,Local CCP,HMO/HMOPOS,Yes,No,Yes,"UNITEDHEALTHCARE OF WISCONSIN, INC.",UnitedHealthcare,UnitedHealthcare Group Medicare Advantage (HMO),"UnitedHealth Group, Inc.",08/01/1995
H5253,812,Local CCP,HMO/HMOPOS,No,No,Yes,"UNITEDHEALTHCARE OF WISCONSIN, INC.",UnitedHealthcare,UnitedHealthcare Group Medicare Advantage (HMO),"UnitedHealth Group, Inc.",08/01/1995
H5253,813,Local CCP,HMO/HMOPOS,Yes,No,Yes,"UNITEDHEALTHCARE OF WISCONSIN, INC.",UnitedHealthcare,UnitedHealthcare Group Medicare Advantage (HMO),"UnitedHealth Group, Inc.",08/01/1995
H5253,814,Local CCP,HMO/HMOPOS,Yes,No,Yes,"UNITEDHEALTHCARE OF WISCONSIN, INC.",UnitedHealthcare,UnitedHealthcare Group Medicare Advantage (HMO),"UnitedHealth Group, Inc.",08/01/1995
H5253,815,Local CCP,HMO/HMOPOS,No,No,Yes,"UNITEDHEALTHCARE OF WISCONSIN, INC.",UnitedHealthcare,UnitedHealthcare Group Medicare Advantage (HMO),"UnitedHealth Group, Inc.",08/01/1995
H5253,816,Local CCP,HMO/HMOPOS,Yes,No,Yes,"UNITEDHEALTHCARE OF WISCONSIN, INC.",UnitedHealthcare,UnitedHealthcare Group Medicare Advantage (HMO),"UnitedHealth Group, Inc.",08/01/1995
H5253,817,Local CCP,HMO/HMOPOS,Yes,No,Yes,"UNITEDHEALTHCARE OF WISCONSIN, INC.",UnitedHealthcare,UnitedHealthcare Group Medicare Advantage (HMO),"UnitedHealth Group, Inc.",08/01/1995
H5253,818,Local CCP,HMO/HMOPOS,Yes,No,Yes,"UNITEDHEALTHCARE OF WISCONSIN, INC.",UnitedHealthcare,UnitedHealthcare Group Medicare Advantage (HMO),"UnitedHealth Group, Inc.",08/01/1995
H5253,819,Local CCP,HMO/HMOPOS,No,No,Yes,"UNITEDHEALTHCARE OF WISCONSIN, INC.",UnitedHealthcare,UnitedHealthcare Group Medicare Advantage (HMO),"UnitedHealth Group, Inc.",08/01/1995
H5253,820,Local CCP,HMO/HMOPOS,Yes,No,Yes,"UNITEDHEALTHCARE OF WISCONSIN, INC.",UnitedHealthcare,UnitedHealthcare Group Medicare Advantage (HMO),"UnitedHealth Group, Inc.",08/01/1995
H5253,821,Local CCP,HMO/HMOPOS,Yes,No,Yes,"UNITEDHEALTHCARE OF WISCONSIN, INC.",UnitedHealthcare,UnitedHealthcare Group Medicare Advantage (HMO),"UnitedHealth Group, Inc.",08/01/1995
H5253,822,Local CCP,HMO/HMOPOS,No,No,Yes,"UNITEDHEALTHCARE OF WISCONSIN, INC.",UnitedHealthcare,UnitedHealthcare Group Medicare Advantage (HMO),"UnitedHealth Group, Inc.",08/01/1995
H5253,823,Local CCP,HMO/HMOPOS,Yes,No,Yes,"UNITEDHEALTHCARE OF WISCONSIN, INC.",UnitedHealthcare,UnitedHealthcare Group Medicare Advantage (HMO),"UnitedHealth Group, Inc.",08/01/1995
H5253,824,Local CCP,HMO/HMOPOS,Yes,No,Yes,"UNITEDHEALTHCARE OF WISCONSIN, INC.",UnitedHealthcare,UnitedHealthcare Group Medicare Advantage (HMO),"UnitedHealth Group, Inc.",08/01/1995
H5253,825,Local CCP,HMO/HMOPOS,No,No,Yes,"UNITEDHEALTHCARE OF WISCONSIN, INC.",UnitedHealthcare,UnitedHealthcare Group Medicare Advantage (HMO),"UnitedHealth Group, Inc.",08/01/1995
H5253,826,Local CCP,HMO/HMOPOS,Yes,No,Yes,"UNITEDHEALTHCARE OF WISCONSIN, INC.",UnitedHealthcare,UnitedHealthcare Group Medicare Advantage (HMO),"UnitedHealth Group, Inc.",08/01/1995
H5253,827,Local CCP,HMO/HMOPOS,Yes,No,Yes,"UNITEDHEALTHCARE OF WISCONSIN, INC.",UnitedHealthcare,UnitedHealthcare Group Medicare Advantage (HMO),"UnitedHealth Group, Inc.",08/01/1995
H5253,828,Local CCP,HMO/HMOPOS,No,No,Yes,"UNITEDHEALTHCARE OF WISCONSIN, INC.",UnitedHealthcare,UnitedHealthcare Group Medicare Advantage (HMO),"UnitedHealth Group, Inc.",08/01/1995
H5253,829,Local CCP,HMO/HMOPOS,Yes,No,Yes,"UNITEDHEALTHCARE OF WISCONSIN, INC.",UnitedHealthcare,UnitedHealthcare Group Medicare Advantage (HMO),"UnitedHealth Group, Inc.",08/01/1995
H5253,830,Local CCP,HMO/HMOPOS,No,No,Yes,"UNITEDHEALTHCARE OF WISCONSIN, INC.",UnitedHealthcare,UnitedHealthcare Group Medicare Advantage (HMO),"UnitedHealth Group, Inc.",08/01/1995
H5253,831,Local CCP,HMO/HMOPOS,Yes,No,Yes,"UNITEDHEALTHCARE OF WISCONSIN, INC.",UnitedHealthcare,UnitedHealthcare Group Medicare Advantage (HMO),"UnitedHealth Group, Inc.",08/01/1995
H5253,832,Local CCP,HMO/HMOPOS,Yes,No,Yes,"UNITEDHEALTHCARE OF WISCONSIN, INC.",UnitedHealthcare,UnitedHealthcare Group Medicare Advantage (HMO),"UnitedHealth Group, Inc.",08/01/1995
H5521,015,Local CCP,Local PPO,Yes,No,No,AETNA LIFE INSURANCE COMPANY,Aetna Medicare,Aetna Medicare Premier (PPO),CVS Health Corporation,01/01/2006
H5521,016,Local CCP,Local PPO,Yes,No,No,AETNA LIFE INSURANCE COMPANY,Aetna Medicare,Aetna Medicare Premier (PPO),CVS Health Corporation,01/01/2006
H5521,020,Local CCP,Local PPO,Yes,No,No,AETNA LIFE INSURANCE COMPANY,Aetna Medicare,Aetna Medicare Premier (PPO),CVS Health Corporation,01/01/2006
H5521,022,Local CCP,Local PPO,Yes,No,No,AETNA LIFE INSURANCE COMPANY,Aetna Medicare,Aetna Medicare Enhanced (PPO),CVS Health Corporation,01/01/2006
H5521,033,Local CCP,Local PPO,Yes,No,No,AETNA LIFE INSURANCE COMPANY,Aetna Medicare,Aetna Medicare Signature (PPO),CVS Health Corporation,01/01/2006
H5521,037,Local CCP,Local PPO,Yes,No,No,AETNA LIFE INSURANCE COMPANY,Aetna Medicare,Aetna Medicare Signature (PPO),CVS Health Corporation,01/01/2006
H5521,055,Local CCP,Local PPO,Yes,No,No,AETNA LIFE INSURANCE COMPANY,Aetna Medicare,Aetna Medicare Signature (PPO),CVS Health Corporation,01/01/2006
H5521,077,Local CCP,Local PPO,Yes,No,No,AETNA LIFE INSURANCE COMPANY,Aetna Medicare,Aetna Medicare Signature (PPO),CVS Health Corporation,01/01/2006
H5521,081,Local CCP,Local PPO,Yes,No,No,AETNA LIFE INSURANCE COMPANY,Aetna Medicare,Aetna Medicare Signature (PPO),CVS Health Corporation,01/01/2006
H5521,084,Local CCP,Local PPO,Yes,No,No,AETNA LIFE INSURANCE COMPANY,Aetna Medicare,Aetna Medicare Enhanced Plus (PPO),CVS Health Corporation,01/01/2006
H5521,085,Local CCP,Local PPO,Yes,No,No,AETNA LIFE INSURANCE COMPANY,Aetna Medicare,Aetna Medicare Signature (PPO),CVS Health Corporation,01/01/2006
H5521,086,Local CCP,Local PPO,Yes,No,No,AETNA LIFE INSURANCE COMPANY,Aetna Medicare,Aetna Medicare Signature Extra (PPO),CVS Health Corporation,01/01/2006
H5521,087,Local CCP,Local PPO,Yes,No,No,AETNA LIFE INSURANCE COMPANY,Aetna Medicare,Aetna Medicare Signature (PPO),CVS Health Corporation,01/01/2006
H5521,088,Local CCP,Local PPO,Yes,No,No,AETNA LIFE INSURANCE COMPANY,Aetna Medicare,Aetna Medicare Signature (PPO),CVS Health Corporation,01/01/2006
H5521,089,Local CCP,Local PPO,Yes,No,No,AETNA LIFE INSURANCE COMPANY,Aetna Medicare,Aetna Medicare Signature (PPO),CVS Health Corporation,01/01/2006
H5521,091,Local CCP,Local PPO,Yes,No,No,AETNA LIFE INSURANCE COMPANY,Aetna Medicare,Aetna Medicare Elite (PPO),CVS Health Corporation,01/01/2006
H5521,095,Local CCP,Local PPO,Yes,No,No,AETNA LIFE INSURANCE COMPANY,Aetna Medicare,Aetna Medicare Premier (PPO),CVS Health Corporation,01/01/2006
H5521,099,Local CCP,Local PPO,Yes,No,No,AETNA LIFE INSURANCE COMPANY,Aetna Medicare,Aetna Medicare Signature (PPO),CVS Health Corporation,01/01/2006
H5521,116,Local CCP,Local PPO,Yes,No,No,AETNA LIFE INSURANCE COMPANY,Aetna Medicare,Aetna Medicare Signature Plus (PPO),CVS Health Corporation,01/01/2006
H5521,119,Local CCP,Local PPO,Yes,No,No,AETNA LIFE INSURANCE COMPANY,Aetna Medicare,Aetna Medicare Elite (PPO),CVS Health Corporation,01/01/2006
H5521,120,Local CCP,Local PPO,Yes,No,No,AETNA LIFE INSURANCE COMPANY,Aetna Medicare,Aetna Medicare Elite (PPO),CVS Health Corporation,01/01/2006
H5521,121,Local CCP,Local PPO,Yes,No,No,AETNA LIFE INSURANCE COMPANY,Aetna Medicare,Aetna Medicare Enhanced (PPO),CVS Health Corporation,01/01/2006
H5521,122,Local CCP,Local PPO,Yes,No,No,AETNA LIFE INSURANCE COMPANY,Aetna Medicare,Aetna Medicare Enhanced (PPO),CVS Health Corporation,01/01/2006
H5521,123,Local CCP,Local PPO,Yes,No,No,AETNA LIFE INSURANCE COMPANY,Aetna Medicare,Aetna Medicare Elite (PPO),CVS Health Corporation,01/01/2006
H5521,124,Local CCP,Local PPO,Yes,No,No,AETNA LIFE INSURANCE COMPANY,Aetna Medicare,Aetna Medicare Enhanced Extra (PPO),CVS Health Corporation,01/01/2006
H5521,139,Local CCP,Local PPO,Yes,No,No,AETNA LIFE INSURANCE COMPANY,Aetna Medicare,Aetna Medicare Enhanced (PPO),CVS Health Corporation,01/01/2006
H5521,140,Local CCP,Local PPO,Yes,No,No,AETNA LIFE INSURANCE COMPANY,Aetna Medicare,Aetna Medicare Signature Giveback (PPO),CVS Health Corporation,01/01/2006
H5521,141,Local CCP,Local PPO,Yes,No,No,AETNA LIFE INSURANCE COMPANY,Aetna Medicare,Aetna Medicare Signature Giveback (PPO),CVS Health Corporation,01/01/2006
H5521,150,Local CCP,Local PPO,Yes,No,No,AETNA LIFE INSURANCE COMPANY,Aetna Medicare,Aetna Medicare Enhanced (PPO),CVS Health Corporation,01/01/2006
H5521,156,Local CCP,Local PPO,Yes,No,No,AETNA LIFE INSURANCE COMPANY,Aetna Medicare,Aetna Medicare Signature (PPO),CVS Health Corporation,01/01/2006
H5521,157,Local CCP,Local PPO,Yes,No,No,AETNA LIFE INSURANCE COMPANY,Aetna Medicare,Aetna Medicare Elite (PPO),CVS Health Corporation,01/01/2006
H5521,159,Local CCP,Local PPO,Yes,No,No,AETNA LIFE INSURANCE COMPANY,Aetna Medicare,Aetna Medicare Signature Extra (PPO),CVS Health Corporation,01/01/2006
H5521,160,Local CCP,Local PPO,Yes,No,No,AETNA LIFE INSURANCE COMPANY,Aetna Medicare,Aetna Medicare Signature (PPO),CVS Health Corporation,01/01/2006
H5521,169,Local CCP,Local PPO,Yes,No,No,AETNA LIFE INSURANCE COMPANY,Aetna Medicare,Aetna Medicare Enhanced (PPO),CVS Health Corporation,01/01/2006
H5521,170,Local CCP,Local PPO,Yes,No,No,AETNA LIFE INSURANCE COMPANY,Aetna Medicare,Aetna Medicare Signature Extra (PPO),CVS Health Corporation,01/01/2006
H5521,171,Local CCP,Local PPO,Yes,No,No,AETNA LIFE INSURANCE COMPANY,Aetna Medicare,Aetna Medicare Signature Plus (PPO),CVS Health Corporation,01/01/2006
H5521,194,Local CCP,Local PPO,Yes,No,No,AETNA LIFE INSURANCE COMPANY,Aetna Medicare,Aetna Medicare Enhanced (PPO),CVS Health Corporation,01/01/2006
H5521,195,Local CCP,Local PPO,Yes,No,No,AETNA LIFE INSURANCE COMPANY,Aetna Medicare,Aetna Medicare Signature (PPO),CVS Health Corporation,01/01/2006
H5521,207,Local CCP,Local PPO,Yes,No,No,AETNA LIFE INSURANCE COMPANY,Aetna Medicare,Aetna Medicare Signature (PPO),CVS Health Corporation,01/01/2006
H5521,211,Local CCP,Local PPO,Yes,No,No,AETNA LIFE INSURANCE COMPANY,Aetna Medicare,Aetna Medicare Signature (PPO),CVS Health Corporation,01/01/2006
H5521,214,Local CCP,Local PPO,Yes,No,No,AETNA LIFE INSURANCE COMPANY,Aetna Medicare,Aetna Medicare Signature (PPO),CVS Health Corporation,01/01/2006
H5521,215,Local CCP,Local PPO,Yes,No,No,AETNA LIFE INSURANCE COMPANY,Aetna Medicare,Aetna Medicare Signature (PPO),CVS Health Corporation,01/01/2006
H5521,218,Local CCP,Local PPO,Yes,No,No,AETNA LIFE INSURANCE COMPANY,Aetna Medicare,Aetna Medicare Signature Plus (PPO),CVS Health Corporation,01/01/2006
H5521,219,Local CCP,Local PPO,Yes,No,No,AETNA LIFE INSURANCE COMPANY,Aetna Medicare,Aetna Medicare Signature (PPO),CVS Health Corporation,01/01/2006
H5521,223,Local CCP,Local PPO,Yes,No,No,AETNA LIFE INSURANCE COMPANY,Aetna Medicare,Aetna Medicare Signature (PPO),CVS Health Corporation,01/01/2006
H5521,224,Local CCP,Local PPO,Yes,No,No,AETNA LIFE INSURANCE COMPANY,Aetna Medicare,Aetna Medicare Signature Plus (PPO),CVS Health Corporation,01/01/2006
H5521,227,Local CCP,Local PPO,Yes,No,No,AETNA LIFE INSURANCE COMPANY,Aetna Medicare,Aetna Medicare Signature Plus (PPO),CVS Health Corporation,01/01/2006
H5521,229,Local CCP,Local PPO,No,No,No,AETNA LIFE INSURANCE COMPANY,Aetna Medicare,Aetna Medicare Eagle Plus (PPO),CVS Health Corporation,01/01/2006
H5521,231,Local CCP,Local PPO,Yes,No,No,AETNA LIFE INSURANCE COMPANY,Aetna Medicare,Aetna Medicare Signature (PPO),CVS Health Corporation,01/01/2006
H5521,233,Local CCP,Local PPO,Yes,No,No,AETNA LIFE INSURANCE COMPANY,Aetna Medicare,Aetna Medicare Signature Plus (PPO),CVS Health Corporation,01/01/2006
H5521,235,Local CCP,Local PPO,No,No,No,AETNA LIFE INSURANCE COMPANY,Aetna Medicare,Aetna Medicare Eagle Plus Giveback (PPO),CVS Health Corporation,01/01/2006
H5521,236,Local CCP,Local PPO,Yes,No,No,AETNA LIFE INSURANCE COMPANY,Aetna Medicare,Aetna Medicare Signature (PPO),CVS Health Corporation,01/01/2006
H5521,241,Local CCP,Local PPO,No,No,No,AETNA LIFE INSURANCE COMPANY,Aetna Medicare,Aetna Medicare Eagle Giveback (PPO),CVS Health Corporation,01/01/2006
H5521,243,Local CCP,Local PPO,Yes,No,No,AETNA LIFE INSURANCE COMPANY,Aetna Medicare,Aetna Medicare Signature (PPO),CVS Health Corporation,01/01/2006
H5521,245,Local CCP,Local PPO,Yes,No,No,AETNA LIFE INSURANCE COMPANY,Aetna Medicare,Aetna Medicare Signature (PPO),CVS Health Corporation,01/01/2006
H5521,246,Local CCP,Local PPO,Yes,No,No,AETNA LIFE INSURANCE COMPANY,Aetna Medicare,Aetna Medicare Elite (PPO),CVS Health Corporation,01/01/2006
H5521,249,Local CCP,Local PPO,Yes,No,No,AETNA LIFE INSURANCE COMPANY,Aetna Medicare,Aetna Medicare Signature (PPO),CVS Health Corporation,01/01/2006
H5521,250,Local CCP,Local PPO,Yes,No,No,AETNA LIFE INSURANCE COMPANY,Aetna Medicare,Aetna Medicare Signature (PPO),CVS Health Corporation,01/01/2006
H5521,251,Local CCP,Local PPO,Yes,No,No,AETNA LIFE INSURANCE COMPANY,Aetna Medicare,Aetna Medicare Enhanced (PPO),CVS Health Corporation,01/01/2006
H5521,254,Local CCP,Local PPO,Yes,No,No,AETNA LIFE INSURANCE COMPANY,Aetna Medicare,Aetna Medicare Signature (PPO),CVS Health Corporation,01/01/2006
H5521,260,Local CCP,Local PPO,Yes,No,No,AETNA LIFE INSURANCE COMPANY,Aetna Medicare,Aetna Medicare Signature (PPO),CVS Health Corporation,01/01/2006
H5521,261,Local CCP,Local PPO,Yes,No,No,AETNA LIFE INSURANCE COMPANY,Aetna Medicare,Aetna Medicare Signature (PPO),CVS Health Corporation,01/01/2006
H5521,263,Local CCP,Local PPO,Yes,No,No,AETNA LIFE INSURANCE COMPANY,Aetna Medicare,Aetna Medicare Signature Extra (PPO),CVS Health Corporation,01/01/2006
H5521,269,Local CCP,Local PPO,Yes,No,No,AETNA LIFE INSURANCE COMPANY,Aetna Medicare,Aetna Medicare Signature (PPO),CVS Health Corporation,01/01/2006
H5521,270,Local CCP,Local PPO,Yes,No,No,AETNA LIFE INSURANCE COMPANY,Aetna Medicare,Aetna Medicare Signature (PPO),CVS Health Corporation,01/01/2006
H5521,271,Local CCP,Local PPO,Yes,No,No,AETNA LIFE INSURANCE COMPANY,Aetna Medicare,Aetna Medicare Signature (PPO),CVS Health Corporation,01/01/2006
H5521,272,Local CCP,Local PPO,Yes,No,No,AETNA LIFE INSURANCE COMPANY,Aetna Medicare,Aetna Medicare Signature (PPO),CVS Health Corporation,01/01/2006
H5521,273,Local CCP,Local PPO,Yes,No,No,AETNA LIFE INSURANCE COMPANY,Aetna Medicare,Aetna Medicare Signature (PPO),CVS Health Corporation,01/01/2006
H5521,275,Local CCP,Local PPO,Yes,No,No,AETNA LIFE INSURANCE COMPANY,Aetna Medicare,Aetna Medicare Prime Extra (PPO),CVS Health Corporation,01/01/2006
H5521,277,Local CCP,Local PPO,Yes,No,No,AETNA LIFE INSURANCE COMPANY,Aetna Medicare,Aetna Medicare Prime Giveback (PPO),CVS Health Corporation,01/01/2006
H5521,279,Local CCP,Local PPO,No,No,No,AETNA LIFE INSURANCE COMPANY,Aetna Medicare,Aetna Medicare Eagle Giveback (PPO),CVS Health Corporation,01/01/2006
H5521,285,Local CCP,Local PPO,Yes,No,No,AETNA LIFE INSURANCE COMPANY,Aetna Medicare,Aetna Medicare Signature (PPO),CVS Health Corporation,01/01/2006
H5521,286,Local CCP,Local PPO,No,No,No,AETNA LIFE INSURANCE COMPANY,Aetna Medicare,Aetna Medicare Eagle (PPO),CVS Health Corporation,01/01/2006
H5521,289,Local CCP,Local PPO,Yes,No,No,AETNA LIFE INSURANCE COMPANY,Aetna Medicare,Aetna Medicare Signature (PPO),CVS Health Corporation,01/01/2006
H5521,292,Local CCP,Local PPO,Yes,No,No,AETNA LIFE INSURANCE COMPANY,Aetna Medicare,Aetna Medicare Enhanced (PPO),CVS Health Corporation,01/01/2006
H5521,296,Local CCP,Local PPO,No,No,No,AETNA LIFE INSURANCE COMPANY,Aetna Medicare,Aetna Medicare Eagle Giveback (PPO),CVS Health Corporation,01/01/2006
H5521,299,Local CCP,Local PPO,Yes,No,No,AETNA LIFE INSURANCE COMPANY,Aetna Medicare,Aetna Medicare Elite (PPO),CVS Health Corporation,01/01/2006
H5521,302,Local CCP,Local PPO,Yes,No,No,AETNA LIFE INSURANCE COMPANY,Aetna Medicare,Aetna Medicare Value Care (PPO),CVS Health Corporation,01/01/2006
H5521,303,Local CCP,Local PPO,Yes,No,No,AETNA LIFE INSURANCE COMPANY,Aetna Medicare,Aetna Medicare Elite (PPO),CVS Health Corporation,01/01/2006
H5521,305,Local CCP,Local PPO,Yes,No,No,AETNA LIFE INSURANCE COMPANY,Aetna Medicare,Aetna Medicare Signature Extra (PPO),CVS Health Corporation,01/01/2006
H5521,306,Local CCP,Local PPO,No,No,No,AETNA LIFE INSURANCE COMPANY,Aetna Medicare,Aetna Medicare Eagle Giveback (PPO),CVS Health Corporation,01/01/2006
H5521,314,Local CCP,Local PPO,Yes,No,No,AETNA LIFE INSURANCE COMPANY,Aetna Medicare,Aetna Medicare Duly Prime (PPO),CVS Health Corporation,01/01/2006
H5521,319,Local CCP,Local PPO,Yes,No,No,AETNA LIFE INSURANCE COMPANY,Aetna Medicare,Aetna Medicare Signature (PPO),CVS Health Corporation,01/01/2006
H5521,320,Local CCP,Local PPO,No,No,No,AETNA LIFE INSURANCE COMPANY,Aetna Medicare,Aetna Medicare Eagle Giveback (PPO),CVS Health Corporation,01/01/2006
H5521,322,Local CCP,Local PPO,No,No,No,AETNA LIFE INSURANCE COMPANY,Aetna Medicare,Aetna Medicare Eagle Giveback (PPO),CVS Health Corporation,01/01/2006
H5521,323,Local CCP,Local PPO,No,No,No,AETNA LIFE INSURANCE COMPANY,Aetna Medicare,Aetna Medicare Eagle Giveback (PPO),CVS Health Corporation,01/01/2006
H5521,324,Local CCP,Local PPO,No,No,No,AETNA LIFE INSURANCE COMPANY,Aetna Medicare,Aetna Medicare Eagle Plus (PPO),CVS Health Corporation,01/01/2006
H5521,326,Local CCP,Local PPO,Yes,No,No,AETNA LIFE INSURANCE COMPANY,Aetna Medicare,Aetna Medicare Value Care (PPO),CVS Health Corporation,01/01/2006
H5521,329,Local CCP,Local PPO,No,No,No,AETNA LIFE INSURANCE COMPANY,Aetna Medicare,Aetna Medicare Eagle (PPO),CVS Health Corporation,01/01/2006
H5521,330,Local CCP,Local PPO,No,No,No,AETNA LIFE INSURANCE COMPANY,Aetna Medicare,Aetna Medicare Eagle (PPO),CVS Health Corporation,01/01/2006
H5521,340,Local CCP,Local PPO,Yes,No,No,AETNA LIFE INSURANCE COMPANY,Aetna Medicare,Aetna Medicare Premier (PPO),CVS Health Corporation,01/01/2006
H5521,348,Local CCP,Local PPO,Yes,No,No,AETNA LIFE INSURANCE COMPANY,Aetna Medicare,Aetna Medicare Signature Giveback (PPO),CVS Health Corporation,01/01/2006
H5521,351,Local CCP,Local PPO,No,No,No,AETNA LIFE INSURANCE COMPANY,Aetna Medicare,Aetna Medicare Eagle (PPO),CVS Health Corporation,01/01/2006
H5521,352,Local CCP,Local PPO,Yes,No,No,AETNA LIFE INSURANCE COMPANY,Aetna Medicare,Aetna Medicare Elite Extra (PPO),CVS Health Corporation,01/01/2006
H5521,353,Local CCP,Local PPO,No,No,No,AETNA LIFE INSURANCE COMPANY,Aetna Medicare,Aetna Medicare Eagle (PPO),CVS Health Corporation,01/01/2006
H5521,363,Local CCP,Local PPO,Yes,No,No,AETNA LIFE INSURANCE COMPANY,Aetna Medicare,Aetna Medicare Elite (PPO),CVS Health Corporation,01/01/2006
H5521,364,Local CCP,Local PPO,Yes,No,No,AETNA LIFE INSURANCE COMPANY,Aetna Medicare,Aetna Medicare Value Care (PPO),CVS Health Corporation,01/01/2006
H5521,365,Local CCP,Local PPO,Yes,No,No,AETNA LIFE INSURANCE COMPANY,Aetna Medicare,Aetna Medicare Signature Care (PPO),CVS Health Corporation,01/01/2006
H5521,369,Local CCP,Local PPO,No,No,No,AETNA LIFE INSURANCE COMPANY,Aetna Medicare,Aetna Medicare Eagle (PPO),CVS Health Corporation,01/01/2006
H5521,375,Local CCP,Local PPO,Yes,No,No,AETNA LIFE INSURANCE COMPANY,Aetna Medicare,Aetna Medicare Signature (PPO),CVS Health Corporation,01/01/2006
H5521,378,Local CCP,Local PPO,No,No,No,AETNA LIFE INSURANCE COMPANY,Aetna Medicare,Aetna Medicare Eagle (PPO),CVS Health Corporation,01/01/2006
H5521,381,Local CCP,Local PPO,Yes,No,No,AETNA LIFE INSURANCE COMPANY,Aetna Medicare,Aetna Medicare Premier (PPO),CVS Health Corporation,01/01/2006
H5521,388,Local CCP,Local PPO,Yes,No,No,AETNA LIFE INSURANCE COMPANY,Aetna Medicare,Aetna Medicare Premier (PPO),CVS Health Corporation,01/01/2006
H5521,392,Local CCP,Local PPO,Yes,No,No,AETNA LIFE INSURANCE COMPANY,Aetna Medicare,Aetna Medicare Prime (PPO),CVS Health Corporation,01/01/2006
H5521,395,Local CCP,Local PPO,Yes,No,No,AETNA LIFE INSURANCE COMPANY,Aetna Medicare,Aetna Medicare Elite (PPO),CVS Health Corporation,01/01/2006
H5521,398,Local CCP,Local PPO,Yes,Yes,No,AETNA LIFE INSURANCE COMPANY,Aetna Medicare,Aetna Medicare Full Dual (PPO D-SNP),CVS Health Corporation,01/01/2006
H5521,399,Local CCP,Local PPO,Yes,No,No,AETNA LIFE INSURANCE COMPANY,Aetna Medicare,Aetna Medicare Value Care (PPO),CVS Health Corporation,01/01/2006
H5521,400,Local CCP,Local PPO,Yes,No,No,AETNA LIFE INSURANCE COMPANY,Aetna Medicare,Aetna Medicare Value Care (PPO),CVS Health Corporation,01/01/2006
H5521,403,Local CCP,Local PPO,Yes,No,No,AETNA LIFE INSURANCE COMPANY,Aetna Medicare,Aetna Medicare Signature Extra (PPO),CVS Health Corporation,01/01/2006
H5521,404,Local CCP,Local PPO,Yes,No,No,AETNA LIFE INSURANCE COMPANY,Aetna Medicare,Aetna Medicare Signature Extra (PPO),CVS Health Corporation,01/01/2006
H5521,406,Local CCP,Local PPO,Yes,No,No,AETNA LIFE INSURANCE COMPANY,Aetna Medicare,Aetna Medicare Signature Extra (PPO),CVS Health Corporation,01/01/2006
H5521,407,Local CCP,Local PPO,Yes,No,No,AETNA LIFE INSURANCE COMPANY,Aetna Medicare,Aetna Medicare Signature Extra (PPO),CVS Health Corporation,01/01/2006
H5521,414,Local CCP,Local PPO,Yes,No,No,AETNA LIFE INSURANCE COMPANY,Aetna Medicare,Aetna Medicare Value Plus (PPO),CVS Health Corporation,01/01/2006
H5521,419,Local CCP,Local PPO,Yes,No,No,AETNA LIFE INSURANCE COMPANY,Aetna Medicare,Aetna Medicare Signature (PPO),CVS Health Corporation,01/01/2006
H5521,422,Local CCP,Local PPO,Yes,No,No,AETNA LIFE INSURANCE COMPANY,Aetna Medicare,Aetna Medicare Signature (PPO),CVS Health Corporation,01/01/2006
H5521,425,Local CCP,Local PPO,Yes,No,No,AETNA LIFE INSURANCE COMPANY,Aetna Medicare,Aetna Medicare Signature (PPO),CVS Health Corporation,01/01/2006
H5521,431,Local CCP,Local PPO,Yes,No,No,AETNA LIFE INSURANCE COMPANY,Aetna Medicare,Aetna Medicare Signature Extra (PPO),CVS Health Corporation,01/01/2006
H5521,432,Local CCP,Local PPO,Yes,No,No,AETNA LIFE INSURANCE COMPANY,Aetna Medicare,Aetna Medicare Signature (PPO),CVS Health Corporation,01/01/2006
H5521,433,Local CCP,Local PPO,Yes,No,No,AETNA LIFE INSURANCE COMPANY,Aetna Medicare,Aetna Medicare Signature (PPO),CVS Health Corporation,01/01/2006
H5521,434,Local CCP,Local PPO,Yes,No,No,AETNA LIFE INSURANCE COMPANY,Aetna Medicare,Aetna Medicare Signature (PPO),CVS Health Corporation,01/01/2006
H5521,435,Local CCP,Local PPO,Yes,No,No,AETNA LIFE INSURANCE COMPANY,Aetna Medicare,Aetna Medicare Signature (PPO),CVS Health Corporation,01/01/2006
H5521,439,Local CCP,Local PPO,Yes,No,No,AETNA LIFE INSURANCE COMPANY,Aetna Medicare,Aetna Medicare Signature (PPO),CVS Health Corporation,01/01/2006
H5521,443,Local CCP,Local PPO,Yes,No,No,AETNA LIFE INSURANCE COMPANY,Aetna Medicare,Aetna Medicare Value Care (PPO),CVS Health Corporation,01/01/2006
H5521,446,Local CCP,Local PPO,Yes,No,No,AETNA LIFE INSURANCE COMPANY,Aetna Medicare,Aetna Medicare Signature (PPO),CVS Health Corporation,01/01/2006
H5521,449,Local CCP,Local PPO,Yes,No,No,AETNA LIFE INSURANCE COMPANY,Aetna Medicare,Aetna Medicare Value Plus (PPO),CVS Health Corporation,01/01/2006
H5521,450,Local CCP,Local PPO,Yes,No,No,AETNA LIFE INSURANCE COMPANY,Aetna Medicare,Aetna Medicare Signature Extra (PPO),CVS Health Corporation,01/01/2006
H5521,451,Local CCP,Local PPO,Yes,No,No,AETNA LIFE INSURANCE COMPANY,Aetna Medicare,Aetna Medicare Signature (PPO),CVS Health Corporation,01/01/2006
H5521,457,Local CCP,Local PPO,Yes,No,No,AETNA LIFE INSURANCE COMPANY,Aetna Medicare,Aetna Medicare Enhanced Extra (PPO),CVS Health Corporation,01/01/2006
H5521,461,Local CCP,Local PPO,Yes,Yes,No,AETNA LIFE INSURANCE COMPANY,Aetna Medicare,Aetna Medicare Longevity (PPO I-SNP),CVS Health Corporation,01/01/2006
H5521,464,Local CCP,Local PPO,Yes,Yes,No,AETNA LIFE INSURANCE COMPANY,Aetna Medicare,Aetna Medicare Dual Extra Care (PPO D-SNP),CVS Health Corporation,01/01/2006
H5521,465,Local CCP,Local PPO,Yes,Yes,No,AETNA LIFE INSURANCE COMPANY,Aetna Medicare,Aetna Medicare Dual Care (PPO D-SNP),CVS Health Corporation,01/01/2006
H5521,467,Local CCP,Local PPO,Yes,No,No,AETNA LIFE INSURANCE COMPANY,Aetna Medicare,Aetna Medicare Value Plus (PPO),CVS Health Corporation,01/01/2006
H5521,470,Local CCP,Local PPO,Yes,No,No,AETNA LIFE INSURANCE COMPANY,Aetna Medicare,Aetna Medicare Value Plus (PPO),CVS Health Corporation,01/01/2006
H5521,472,Local CCP,Local PPO,Yes,Yes,No,AETNA LIFE INSURANCE COMPANY,Aetna Medicare,Aetna Medicare Dual Care (PPO D-SNP),CVS Health Corporation,01/01/2006
H5521,475,Local CCP,Local PPO,Yes,No,No,AETNA LIFE INSURANCE COMPANY,Aetna Medicare,Aetna Medicare Signature Giveback (PPO),CVS Health Corporation,01/01/2006
H5521,476,Local CCP,Local PPO,Yes,No,No,AETNA LIFE INSURANCE COMPANY,Aetna Medicare,Aetna Medicare Signature Giveback (PPO),CVS Health Corporation,01/01/2006
H5521,477,Local CCP,Local PPO,Yes,No,No,AETNA LIFE INSURANCE COMPANY,Aetna Medicare,Aetna Medicare Elite Giveback (PPO),CVS Health Corporation,01/01/2006
H5521,478,Local CCP,Local PPO,Yes,No,No,AETNA LIFE INSURANCE COMPANY,Aetna Medicare,Aetna Medicare Enhanced (PPO),CVS Health Corporation,01/01/2006
H5521,480,Local CCP,Local PPO,No,No,No,AETNA LIFE INSURANCE COMPANY,Aetna Medicare,Aetna Medicare Eagle Giveback (PPO),CVS Health Corporation,01/01/2006
H5521,482,Local CCP,Local PPO,Yes,No,No,AETNA LIFE INSURANCE COMPANY,Aetna Medicare,Aetna Medicare Elite (PPO),CVS Health Corporation,01/01/2006
H5521,484,Local CCP,Local PPO,Yes,No,No,AETNA LIFE INSURANCE COMPANY,Aetna Medicare,Aetna Medicare Signature (PPO),CVS Health Corporation,01/01/2006
H5521,487,Local CCP,Local PPO,No,No,No,AETNA LIFE INSURANCE COMPANY,Aetna Medicare,Aetna Medicare Eagle Giveback (PPO),CVS Health Corporation,01/01/2006
H5521,488,Local CCP,Local PPO,No,No,No,AETNA LIFE INSURANCE COMPANY,Aetna Medicare,Aetna Medicare Eagle Giveback (PPO),CVS Health Corporation,01/01/2006
H5521,490,Local CCP,Local PPO,Yes,No,No,AETNA LIFE INSURANCE COMPANY,Aetna Medicare,Aetna Medicare Value Plus (PPO),CVS Health Corporation,01/01/2006
H5521,492,Local CCP,Local PPO,Yes,No,No,AETNA LIFE INSURANCE COMPANY,Aetna Medicare,Aetna Medicare Signature (PPO),CVS Health Corporation,01/01/2006
H5521,493,Local CCP,Local PPO,No,No,No,AETNA LIFE INSURANCE COMPANY,Aetna Medicare,Aetna Medicare Eagle (PPO),CVS Health Corporation,01/01/2006
H5521,495,Local CCP,Local PPO,Yes,No,No,AETNA LIFE INSURANCE COMPANY,Aetna Medicare,Aetna Medicare Premier (PPO),CVS Health Corporation,01/01/2006
H5521,496,Local CCP,Local PPO,Yes,No,No,AETNA LIFE INSURANCE COMPANY,Aetna Medicare,Aetna Medicare Value Care (PPO),CVS Health Corporation,01/01/2006
H5521,500,Local CCP,Local PPO,Yes,No,No,AETNA LIFE INSURANCE COMPANY,Aetna Medicare,Aetna Medicare Signature Care (PPO),CVS Health Corporation,01/01/2006
H5521,501,Local CCP,Local PPO,Yes,No,No,AETNA LIFE INSURANCE COMPANY,Aetna Medicare,Aetna Medicare Enhanced (PPO),CVS Health Corporation,01/01/2006
H5521,502,Local CCP,Local PPO,Yes,No,No,AETNA LIFE INSURANCE COMPANY,Aetna Medicare,Aetna Medicare Signature Care (PPO),CVS Health Corporation,01/01/2006
H5521,504,Local CCP,Local PPO,No,No,No,AETNA LIFE INSURANCE COMPANY,Aetna Medicare,Aetna Medicare Eagle Giveback (PPO),CVS Health Corporation,01/01/2006
H5521,506,Local CCP,Local PPO,Yes,Yes,No,AETNA LIFE INSURANCE COMPANY,Aetna Medicare,Aetna Medicare Longevity (PPO I-SNP),CVS Health Corporation,01/01/2006
H5521,510,Local CCP,Local PPO,Yes,No,No,AETNA LIFE INSURANCE COMPANY,Aetna Medicare,Aetna Medicare Enhanced Advantage (PPO),CVS Health Corporation,01/01/2006
H5521,512,Local CCP,Local PPO,Yes,No,No,AETNA LIFE INSURANCE COMPANY,Aetna Medicare,Aetna Medicare Enhanced (PPO),CVS Health Corporation,01/01/2006
H5521,513,Local CCP,Local PPO,Yes,No,No,AETNA LIFE INSURANCE COMPANY,Aetna Medicare,Aetna Medicare Enhanced Extra (PPO),CVS Health Corporation,01/01/2006
H5521,520,Local CCP,Local PPO,Yes,No,No,AETNA LIFE INSURANCE COMPANY,Aetna Medicare,Aetna Medicare Enhanced (PPO),CVS Health Corporation,01/01/2006
H5521,521,Local CCP,Local PPO,Yes,No,No,AETNA LIFE INSURANCE COMPANY,Aetna Medicare,Aetna Medicare Elite (PPO),CVS Health Corporation,01/01/2006
H5521,522,Local CCP,Local PPO,Yes,No,No,AETNA LIFE INSURANCE COMPANY,Aetna Medicare,Aetna Medicare Enhanced (PPO),CVS Health Corporation,01/01/2006
H5521,536,Local CCP,Local PPO,Yes,No,No,AETNA LIFE INSURANCE COMPANY,Aetna Medicare,Aetna Medicare Elite (PPO),CVS Health Corporation,01/01/2006
H5521,537,Local CCP,Local PPO,Yes,No,No,AETNA LIFE INSURANCE COMPANY,Aetna Medicare,Aetna Medicare Elite (PPO),CVS Health Corporation,01/01/2006
H5521,553,Local CCP,Local PPO,Yes,No,No,AETNA LIFE INSURANCE COMPANY,Aetna Medicare,Aetna Medicare Signature Plus (PPO),CVS Health Corporation,01/01/2006
H5521,554,Local CCP,Local PPO,Yes,No,No,AETNA LIFE INSURANCE COMPANY,Aetna Medicare,Aetna Medicare Signature (PPO),CVS Health Corporation,01/01/2006
H5521,558,Local CCP,Local PPO,Yes,No,No,AETNA LIFE INSURANCE COMPANY,Aetna Medicare,Aetna Medicare Signature (PPO),CVS Health Corporation,01/01/2006
H5521,569,Local CCP,Local PPO,Yes,No,No,AETNA LIFE INSURANCE COMPANY,Aetna Medicare,Aetna Medicare Signature (PPO),CVS Health Corporation,01/01/2006
H5521,578,Local CCP,Local PPO,Yes,No,No,AETNA LIFE INSURANCE COMPANY,Aetna Medicare,Aetna Medicare Enhanced (PPO),CVS Health Corporation,01/01/2006
H5521,580,Local CCP,Local PPO,Yes,No,No,AETNA LIFE INSURANCE COMPANY,Aetna Medicare,Aetna Medicare Enhanced (PPO),CVS Health Corporation,01/01/2006
H5521,581,Local CCP,Local PPO,Yes,No,No,AETNA LIFE INSURANCE COMPANY,Aetna Medicare,Aetna Medicare Enhanced (PPO),CVS Health Corporation,01/01/2006
H5521,586,Local CCP,Local PPO,Yes,No,No,AETNA LIFE INSURANCE COMPANY,Aetna Medicare,Aetna Medicare Premier (PPO),CVS Health Corporation,01/01/2006
H5521,598,Local CCP,Local PPO,Yes,No,No,AETNA LIFE INSURANCE COMPANY,Aetna Medicare,Aetna Medicare Elite Care (PPO),CVS Health Corporation,01/01/2006
H5521,607,Local CCP,Local PPO,Yes,No,No,AETNA LIFE INSURANCE COMPANY,Aetna Medicare,Aetna Medicare Enhanced (PPO),CVS Health Corporation,01/01/2006
H5521,609,Local CCP,Local PPO,Yes,No,No,AETNA LIFE INSURANCE COMPANY,Aetna Medicare,Aetna Medicare Signature (PPO),CVS Health Corporation,01/01/2006
H5521,644,Local CCP,Local PPO,Yes,No,No,AETNA LIFE INSURANCE COMPANY,Aetna Medicare,Aetna Medicare Signature Plus (PPO),CVS Health Corporation,01/01/2006
H5521,645,Local CCP,Local PPO,Yes,No,No,AETNA LIFE INSURANCE COMPANY,Aetna Medicare,Aetna Medicare Signature Plus (PPO),CVS Health Corporation,01/01/2006
H5521,646,Local CCP,Local PPO,Yes,No,No,AETNA LIFE INSURANCE COMPANY,Aetna Medicare,Aetna Medicare Value Plus (PPO),CVS Health Corporation,01/01/2006
H5521,649,Local CCP,Local PPO,Yes,No,No,AETNA LIFE INSURANCE COMPANY,Aetna Medicare,Aetna Medicare Value Care (PPO),CVS Health Corporation,01/01/2006
H5521,650,Local CCP,Local PPO,Yes,No,No,AETNA LIFE INSURANCE COMPANY,Aetna Medicare,Aetna Medicare Elite (PPO),CVS Health Corporation,01/01/2006
H5521,652,Local CCP,Local PPO,Yes,No,No,AETNA LIFE INSURANCE COMPANY,Aetna Medicare,Aetna Medicare Premier (PPO),CVS Health Corporation,01/01/2006
H5521,654,Local CCP,Local PPO,Yes,No,No,AETNA LIFE INSURANCE COMPANY,Aetna Medicare,Aetna Medicare Signature Extra (PPO),CVS Health Corporation,01/01/2006
H5521,656,Local CCP,Local PPO,Yes,No,No,AETNA LIFE INSURANCE COMPANY,Aetna Medicare,Aetna Medicare Enhanced (PPO),CVS Health Corporation,01/01/2006
H5521,661,Local CCP,Local PPO,Yes,No,No,AETNA LIFE INSURANCE COMPANY,Aetna Medicare,Aetna Medicare Enhanced (PPO),CVS Health Corporation,01/01/2006
H5521,662,Local CCP,Local PPO,Yes,No,No,AETNA LIFE INSURANCE COMPANY,Aetna Medicare,Aetna Medicare Enhanced (PPO),CVS Health Corporation,01/01/2006
H5521,664,Local CCP,Local PPO,Yes,No,No,AETNA LIFE INSURANCE COMPANY,Aetna Medicare,Aetna Medicare Enhanced Extra (PPO),CVS Health Corporation,01/01/2006
H5521,665,Local CCP,Local PPO,Yes,No,No,AETNA LIFE INSURANCE COMPANY,Aetna Medicare,Aetna Medicare Enhanced (PPO),CVS Health Corporation,01/01/2006
H5521,669,Local CCP,Local PPO,Yes,No,No,AETNA LIFE INSURANCE COMPANY,Aetna Medicare,Aetna Medicare Enhanced (PPO),CVS Health Corporation,01/01/2006
H5521,674,Local CCP,Local PPO,Yes,No,No,AETNA LIFE INSURANCE COMPANY,Aetna Medicare,Aetna Medicare Elite Extra (PPO),CVS Health Corporation,01/01/2006
H5521,676,Local CCP,Local PPO,Yes,No,No,AETNA LIFE INSURANCE COMPANY,Aetna Medicare,Aetna Medicare Enhanced (PPO),CVS Health Corporation,01/01/2006
H5521,685,Local CCP,Local PPO,Yes,No,No,AETNA LIFE INSURANCE COMPANY,Aetna Medicare,Aetna Medicare Enhanced (PPO),CVS Health Corporation,01/01/2006
H5521,686,Local CCP,Local PPO,Yes,No,No,AETNA LIFE INSURANCE COMPANY,Aetna Medicare,Aetna Medicare Enhanced (PPO),CVS Health Corporation,01/01/2006
H5521,687,Local CCP,Local PPO,Yes,No,No,AETNA LIFE INSURANCE COMPANY,Aetna Medicare,Aetna Medicare Enhanced (PPO),CVS Health Corporation,01/01/2006
H5521,688,Local CCP,Local PPO,Yes,No,No,AETNA LIFE INSURANCE COMPANY,Aetna Medicare,Aetna Medicare Premier (PPO),CVS Health Corporation,01/01/2006
H5521,698,Local CCP,Local PPO,Yes,No,No,AETNA LIFE INSURANCE COMPANY,Aetna Medicare,Aetna Medicare Elite Extra (PPO),CVS Health Corporation,01/01/2006
H5521,699,Local CCP,Local PPO,Yes,No,No,AETNA LIFE INSURANCE COMPANY,Aetna Medicare,Aetna Medicare Elite Extra (PPO),CVS Health Corporation,01/01/2006
H5521,702,Local CCP,Local PPO,Yes,No,No,AETNA LIFE INSURANCE COMPANY,Aetna Medicare,Aetna Medicare Signature (PPO),CVS Health Corporation,01/01/2006
H5521,704,Local CCP,Local PPO,Yes,No,No,AETNA LIFE INSURANCE COMPANY,Aetna Medicare,Aetna Medicare Signature Extra (PPO),CVS Health Corporation,01/01/2006
H5521,705,Local CCP,Local PPO,Yes,No,No,AETNA LIFE INSURANCE COMPANY,Aetna Medicare,Aetna Medicare Signature (PPO),CVS Health Corporation,01/01/2006
H5521,706,Local CCP,Local PPO,Yes,No,No,AETNA LIFE INSURANCE COMPANY,Aetna Medicare,Aetna Medicare Premier (PPO),CVS Health Corporation,01/01/2006
H5521,710,Local CCP,Local PPO,Yes,No,No,AETNA LIFE INSURANCE COMPANY,Aetna Medicare,Aetna Medicare Signature (PPO),CVS Health Corporation,01/01/2006
H5521,801,Local CCP,Local PPO,No,No,Yes,AETNA LIFE INSURANCE COMPANY,Aetna Medicare,Aetna Medicare Plan (PPO),CVS Health Corporation,01/01/2006
H5521,805,Local CCP,Local PPO,No,No,Yes,AETNA LIFE INSURANCE COMPANY,Aetna Medicare,Aetna Medicare Part B Only Plan (PPO),CVS Health Corporation,01/01/2006
H5525,004,Local CCP,Local PPO,Yes,No,No,"HUMANA BENEFIT PLAN OF ILLINOIS, INC.",Humana,HumanaChoice H5525-004 (PPO),Humana Inc.,01/01/2006
H5525,005,Local CCP,Local PPO,Yes,No,No,"HUMANA BENEFIT PLAN OF ILLINOIS, INC.",Humana,HumanaChoice H5525-005 (PPO),Humana Inc.,01/01/2006
H5525,006,Local CCP,Local PPO,Yes,No,No,"HUMANA BENEFIT PLAN OF ILLINOIS, INC.",Humana,HumanaChoice H5525-006 (PPO),Humana Inc.,01/01/2006
H5525,008,Local CCP,Local PPO,Yes,No,No,"HUMANA BENEFIT PLAN OF ILLINOIS, INC.",Humana,HumanaChoice H5525-008 (PPO),Humana Inc.,01/01/2006
H5525,030,Local CCP,Local PPO,Yes,No,No,"HUMANA BENEFIT PLAN OF ILLINOIS, INC.",Humana,HumanaChoice H5525-030 (PPO),Humana Inc.,01/01/2006
H5525,031,Local CCP,Local PPO,No,No,No,"HUMANA BENEFIT PLAN OF ILLINOIS, INC.",Humana,Humana USAA Honor Giveback (PPO),Humana Inc.,01/01/2006
H5525,034,Local CCP,Local PPO,Yes,No,No,"HUMANA BENEFIT PLAN OF ILLINOIS, INC.",Humana,Humana Full Access H5525-034 (PPO),Humana Inc.,01/01/2006
H5525,035,Local CCP,Local PPO,Yes,No,No,"HUMANA BENEFIT PLAN OF ILLINOIS, INC.",Humana,HumanaChoice Giveback H5525-035 (PPO),Humana Inc.,01/01/2006
H5525,036,Local CCP,Local PPO,Yes,Yes,No,"HUMANA BENEFIT PLAN OF ILLINOIS, INC.",Humana,HumanaChoice SNP-DE H5525-036 (PPO D-SNP),Humana Inc.,01/01/2006
H5525,041,Local CCP,Local PPO,Yes,No,No,"HUMANA BENEFIT PLAN OF ILLINOIS, INC.",Humana,Humana Value Plus H5525-041 (PPO),Humana Inc.,01/01/2006
H5525,042,Local CCP,Local PPO,Yes,No,No,"HUMANA BENEFIT PLAN OF ILLINOIS, INC.",Humana,Humana Full Access H5525-042 (PPO),Humana Inc.,01/01/2006
H5525,045,Local CCP,Local PPO,Yes,Yes,No,"HUMANA BENEFIT PLAN OF ILLINOIS, INC.",Humana,HumanaChoice SNP-DE H5525-045 (PPO D-SNP),Humana Inc.,01/01/2006
H5525,046,Local CCP,Local PPO,Yes,Yes,No,"HUMANA BENEFIT PLAN OF ILLINOIS, INC.",Humana,Humana Dual Select H5525-046 (PPO D-SNP),Humana Inc.,01/01/2006
H5525,049,Local CCP,Local PPO,Yes,No,No,"HUMANA BENEFIT PLAN OF ILLINOIS, INC.",Humana,HumanaChoice H5525-049 (PPO),Humana Inc.,01/01/2006
H5525,050,Local CCP,Local PPO,Yes,No,No,"HUMANA BENEFIT PLAN OF ILLINOIS, INC.",Humana,HumanaChoice H5525-050 (PPO),Humana Inc.,01/01/2006
H5525,051,Local CCP,Local PPO,Yes,No,No,"HUMANA BENEFIT PLAN OF ILLINOIS, INC.",Humana,HumanaChoice H5525-051 (PPO),Humana Inc.,01/01/2006
H5525,054,Local CCP,Local PPO,Yes,No,No,"HUMANA BENEFIT PLAN OF ILLINOIS, INC.",Humana,HumanaChoice H5525-054 (PPO),Humana Inc.,01/01/2006
H5525,056,Local CCP,Local PPO,Yes,No,No,"HUMANA BENEFIT PLAN OF ILLINOIS, INC.",Humana,HumanaChoice H5525-056 (PPO),Humana Inc.,01/01/2006
H5525,057,Local CCP,Local PPO,Yes,No,No,"HUMANA BENEFIT PLAN OF ILLINOIS, INC.",Humana,Humana USAA Honor Giveback with Rx (PPO),Humana Inc.,01/01/2006
H5525,059,Local CCP,Local PPO,Yes,No,No,"HUMANA BENEFIT PLAN OF ILLINOIS, INC.",Humana,Humana USAA Honor Giveback with Rx (PPO),Humana Inc.,01/01/2006
H5525,065,Local CCP,Local PPO,No,No,No,"HUMANA BENEFIT PLAN OF ILLINOIS, INC.",Humana,Humana USAA Honor Giveback (PPO),Humana Inc.,01/01/2006
H5525,070,Local CCP,Local PPO,Yes,No,No,"HUMANA BENEFIT PLAN OF ILLINOIS, INC.",Humana,HumanaChoice H5525-070 (PPO),Humana Inc.,01/01/2006
H5525,072,Local CCP,Local PPO,Yes,Yes,No,"HUMANA BENEFIT PLAN OF ILLINOIS, INC.",Humana,Humana Dual Select H5525-072 (PPO D-SNP),Humana Inc.,01/01/2006
H5525,074,Local CCP,Local PPO,Yes,No,No,"HUMANA BENEFIT PLAN OF ILLINOIS, INC.",Humana,HumanaChoice H5525-074 (PPO),Humana Inc.,01/01/2006
H5525,075,Local CCP,Local PPO,Yes,No,No,"HUMANA BENEFIT PLAN OF ILLINOIS, INC.",Humana,HumanaChoice H5525-075 (PPO),Humana Inc.,01/01/2006
H5525,077,Local CCP,Local PPO,Yes,No,No,"HUMANA BENEFIT PLAN OF ILLINOIS, INC.",Humana,HumanaChoice H5525-077 (PPO),Humana Inc.,01/01/2006
H5525,078,Local CCP,Local PPO,No,No,No,"HUMANA BENEFIT PLAN OF ILLINOIS, INC.",Humana,Humana USAA Honor Giveback (PPO),Humana Inc.,01/01/2006
H5525,079,Local CCP,Local PPO,No,No,No,"HUMANA BENEFIT PLAN OF ILLINOIS, INC.",Humana,Humana USAA Honor Giveback (PPO),Humana Inc.,01/01/2006
H5525,080,Local CCP,Local PPO,Yes,No,No,"HUMANA BENEFIT PLAN OF ILLINOIS, INC.",Humana,HumanaChoice H5525-080 (PPO),Humana Inc.,01/01/2006
H5525,083,Local CCP,Local PPO,Yes,No,No,"HUMANA BENEFIT PLAN OF ILLINOIS, INC.",Humana,HumanaChoice H5525-083 (PPO),Humana Inc.,01/01/2006
H5525,084,Local CCP,Local PPO,Yes,No,No,"HUMANA BENEFIT PLAN OF ILLINOIS, INC.",Humana,HumanaChoice H5525-084 (PPO),Humana Inc.,01/01/2006
H5525,085,Local CCP,Local PPO,Yes,No,No,"HUMANA BENEFIT PLAN OF ILLINOIS, INC.",Humana,HumanaChoice Giveback H5525-085 (PPO),Humana Inc.,01/01/2006
H5525,086,Local CCP,Local PPO,Yes,No,No,"HUMANA BENEFIT PLAN OF ILLINOIS, INC.",Humana,HumanaChoice H5525-086 (PPO),Humana Inc.,01/01/2006
H5525,087,Local CCP,Local PPO,Yes,No,No,"HUMANA BENEFIT PLAN OF ILLINOIS, INC.",Humana,HumanaChoice H5525-087 (PPO),Humana Inc.,01/01/2006
H5525,809,Local CCP,Local PPO,Yes,No,Yes,"HUMANA BENEFIT PLAN OF ILLINOIS, INC.",Humana,Humana Medicare Employer (PPO),Humana Inc.,01/01/2006
H5525,810,Local CCP,Local PPO,No,No,Yes,"HUMANA BENEFIT PLAN OF ILLINOIS, INC.",Humana,Humana Medicare Employer (PPO),Humana Inc.,01/01/2006
H5525,812,Local CCP,Local PPO,Yes,No,Yes,"HUMANA BENEFIT PLAN OF ILLINOIS, INC.",Humana,Humana Medicare Employer (PPO),Humana Inc.,01/01/2006
H5525,813,Local CCP,Local PPO,No,No,Yes,"HUMANA BENEFIT PLAN OF ILLINOIS, INC.",Humana,Humana Medicare Employer (PPO),Humana Inc.,01/01/2006
H5525,816,Local CCP,Local PPO,Yes,No,Yes,"HUMANA BENEFIT PLAN OF ILLINOIS, INC.",Humana,Humana Medicare Employer (PPO),Humana Inc.,01/01/2006
H5525,817,Local CCP,Local PPO,No,No,Yes,"HUMANA BENEFIT PLAN OF ILLINOIS, INC.",Humana,Humana Medicare Employer (PPO),Humana Inc.,01/01/2006
H5525,818,Local CCP,Local PPO,Yes,No,Yes,"HUMANA BENEFIT PLAN OF ILLINOIS, INC.",Humana,Humana Medicare Employer (PPO),Humana Inc.,01/01/2006
H5525,819,Local CCP,Local PPO,No,No,Yes,"HUMANA BENEFIT PLAN OF ILLINOIS, INC.",Humana,Humana Medicare Employer (PPO),Humana Inc.,01/01/2006
H5525,826,Local CCP,Local PPO,Yes,No,Yes,"HUMANA BENEFIT PLAN OF ILLINOIS, INC.",Humana,Humana Medicare Employer (PPO),Humana Inc.,01/01/2006
H5525,827,Local CCP,Local PPO,No,No,Yes,"HUMANA BENEFIT PLAN OF ILLINOIS, INC.",Humana,Humana Medicare Employer (PPO),Humana Inc.,01/01/2006
H5525,830,Local CCP,Local PPO,Yes,No,Yes,"HUMANA BENEFIT PLAN OF ILLINOIS, INC.",Humana,Humana Medicare Employer (PPO),Humana Inc.,01/01/2006
H5525,831,Local CCP,Local PPO,No,No,Yes,"HUMANA BENEFIT PLAN OF ILLINOIS, INC.",Humana,Humana Medicare Employer (PPO),Humana Inc.,01/01/2006
H5619,001,Local CCP,HMO/HMOPOS,Yes,No,No,"ARCADIAN HEALTH PLAN, INC.",Humana,Humana Gold Plus H5619-001 (HMO),Humana Inc.,01/01/2007
H5619,003,Local CCP,HMO/HMOPOS,Yes,Yes,No,"ARCADIAN HEALTH PLAN, INC.",Humana,Humana Gold Plus SNP-DE H5619-003 (HMO D-SNP),Humana Inc.,01/01/2007
H5619,012,Local CCP,HMO/HMOPOS,Yes,No,No,"ARCADIAN HEALTH PLAN, INC.",Humana,Humana Gold Plus H5619-012 (HMO),Humana Inc.,01/01/2007
H5619,015,Local CCP,HMO/HMOPOS,Yes,No,No,"ARCADIAN HEALTH PLAN, INC.",Humana,Humana Gold Plus H5619-015 (HMO),Humana Inc.,01/01/2007
H5619,016,Local CCP,HMO/HMOPOS,Yes,No,No,"ARCADIAN HEALTH PLAN, INC.",Humana,Humana Gold Plus H5619-016 (HMO),Humana Inc.,01/01/2007
H5619,021,Local CCP,HMO/HMOPOS,Yes,No,No,"ARCADIAN HEALTH PLAN, INC.",Humana,Humana Gold Plus H5619-021 (HMO),Humana Inc.,01/01/2007
H5619,026,Local CCP,HMO/HMOPOS,Yes,No,No,"ARCADIAN HEALTH PLAN, INC.",Humana,Humana Gold Plus H5619-026 (HMO),Humana Inc.,01/01/2007
H5619,038,Local CCP,HMO/HMOPOS,Yes,Yes,No,"ARCADIAN HEALTH PLAN, INC.",Humana,Humana Gold Plus SNP-DE H5619-038 (HMO D-SNP),Humana Inc.,01/01/2007
H5619,046,Local CCP,HMO/HMOPOS,Yes,Yes,No,"ARCADIAN HEALTH PLAN, INC.",Humana,Humana Gold Plus - Diabetes and Heart (HMO C-SNP),Humana Inc.,01/01/2007
H5619,047,Local CCP,HMO/HMOPOS,Yes,No,No,"ARCADIAN HEALTH PLAN, INC.",Humana,Humana Gold Plus H5619-047 (HMO),Humana Inc.,01/01/2007
H5619,049,Local CCP,HMO/HMOPOS,Yes,No,No,"ARCADIAN HEALTH PLAN, INC.",Humana,Humana Gold Plus H5619-049 (HMO-POS),Humana Inc.,01/01/2007
H5619,051,Local CCP,HMO/HMOPOS,Yes,No,No,"ARCADIAN HEALTH PLAN, INC.",Humana,Humana Gold Plus H5619-051 (HMO-POS),Humana Inc.,01/01/2007
H5619,053,Local CCP,HMO/HMOPOS,Yes,No,No,"ARCADIAN HEALTH PLAN, INC.",Humana,Humana Gold Plus H5619-053 (HMO-POS),Humana Inc.,01/01/2007
H5619,055,Local CCP,HMO/HMOPOS,Yes,Yes,No,"ARCADIAN HEALTH PLAN, INC.",Humana,Humana Gold Plus - Diabetes and Heart (HMO C-SNP),Humana Inc.,01/01/2007
H5619,057,Local CCP,HMO/HMOPOS,Yes,No,No,"ARCADIAN HEALTH PLAN, INC.",Humana,Humana Gold Plus H5619-057 (HMO),Humana Inc.,01/01/2007
H5619,059,Local CCP,HMO/HMOPOS,Yes,No,No,"ARCADIAN HEALTH PLAN, INC.",Humana,Humana Gold Plus H5619-059 (HMO),Humana Inc.,01/01/2007
H5619,061,Local CCP,HMO/HMOPOS,Yes,No,No,"ARCADIAN HEALTH PLAN, INC.",Humana,Humana Gold Plus H5619-061 (HMO),Humana Inc.,01/01/2007
H5619,066,Local CCP,HMO/HMOPOS,Yes,No,No,"ARCADIAN HEALTH PLAN, INC.",Humana,Humana Gold Plus Giveback H5619-066 (HMO),Humana Inc.,01/01/2007
H5619,069,Local CCP,HMO/HMOPOS,Yes,No,No,"ARCADIAN HEALTH PLAN, INC.",Humana,Humana Gold Plus H5619-069 (HMO-POS),Humana Inc.,01/01/2007
H5619,071,Local CCP,HMO/HMOPOS,Yes,No,No,"ARCADIAN HEALTH PLAN, INC.",Humana,Humana Gold Plus H5619-071 (HMO),Humana Inc.,01/01/2007
H5619,075,Local CCP,HMO/HMOPOS,Yes,Yes,No,"ARCADIAN HEALTH PLAN, INC.",Humana,Humana Dual Select H5619-075 (HMO D-SNP),Humana Inc.,01/01/2007
H5619,083,Local CCP,HMO/HMOPOS,Yes,No,No,"ARCADIAN HEALTH PLAN, INC.",Humana,Humana Gold Plus H5619-083 (HMO),Humana Inc.,01/01/2007
H5619,089,Local CCP,HMO/HMOPOS,Yes,No,No,"ARCADIAN HEALTH PLAN, INC.",Humana,Humana Gold Plus H5619-089 (HMO),Humana Inc.,01/01/2007
H5619,090,Local CCP,HMO/HMOPOS,Yes,No,No,"ARCADIAN HEALTH PLAN, INC.",Humana,Humana Gold Plus H5619-090 (HMO),Humana Inc.,01/01/2007
H5619,091,Local CCP,HMO/HMOPOS,Yes,No,No,"ARCADIAN HEALTH PLAN, INC.",Humana,Humana Gold Plus H5619-091 (HMO),Humana Inc.,01/01/2007
H5619,093,Local CCP,HMO/HMOPOS,Yes,Yes,No,"ARCADIAN HEALTH PLAN, INC.",Humana,Humana Dual Select H5619-093 (HMO D-SNP),Humana Inc.,01/01/2007
H5619,095,Local CCP,HMO/HMOPOS,Yes,No,No,"ARCADIAN HEALTH PLAN, INC.",Humana,Humana Gold Plus H5619-095 (HMO),Humana Inc.,01/01/2007
H5619,111,Local CCP,HMO/HMOPOS,Yes,No,No,"ARCADIAN HEALTH PLAN, INC.",Humana,Humana Gold Plus H5619-111 (HMO-POS),Humana Inc.,01/01/2007
H5619,113,Local CCP,HMO/HMOPOS,Yes,No,No,"ARCADIAN HEALTH PLAN, INC.",Humana,Humana Gold Plus H5619-113 (HMO-POS),Humana Inc.,01/01/2007
H5619,116,Local CCP,HMO/HMOPOS,Yes,No,No,"ARCADIAN HEALTH PLAN, INC.",Humana,Humana Gold Plus H5619-116 (HMO),Humana Inc.,01/01/2007
H5619,119,Local CCP,HMO/HMOPOS,Yes,No,No,"ARCADIAN HEALTH PLAN, INC.",Humana,Humana Gold Plus H5619-119 (HMO),Humana Inc.,01/01/2007
H5619,121,Local CCP,HMO/HMOPOS,No,No,No,"ARCADIAN HEALTH PLAN, INC.",Humana,Humana USAA Honor Giveback (HMO),Humana Inc.,01/01/2007
H5619,122,Local CCP,HMO/HMOPOS,Yes,No,No,"ARCADIAN HEALTH PLAN, INC.",Humana,Humana Gold Plus H5619-122 (HMO),Humana Inc.,01/01/2007
H5619,123,Local CCP,HMO/HMOPOS,Yes,Yes,No,"ARCADIAN HEALTH PLAN, INC.",Humana,Humana Gold Plus SNP-DE H5619-123 (HMO-POS D-SNP),Humana Inc.,01/01/2007
H5619,126,Local CCP,HMO/HMOPOS,Yes,Yes,No,"ARCADIAN HEALTH PLAN, INC.",Humana,Humana Dual Select H5619-126 (HMO-POS D-SNP),Humana Inc.,01/01/2007
H5619,133,Local CCP,HMO/HMOPOS,Yes,No,No,"ARCADIAN HEALTH PLAN, INC.",Humana,Humana Gold Plus H5619-133 (HMO),Humana Inc.,01/01/2007
H5619,135,Local CCP,HMO/HMOPOS,Yes,No,No,"ARCADIAN HEALTH PLAN, INC.",Humana,Humana Gold Plus H5619-135 (HMO),Humana Inc.,01/01/2007
H5619,137,Local CCP,HMO/HMOPOS,Yes,No,No,"ARCADIAN HEALTH PLAN, INC.",Humana,Humana Gold Plus H5619-137 (HMO),Humana Inc.,01/01/2007
H5619,143,Local CCP,HMO/HMOPOS,Yes,No,No,"ARCADIAN HEALTH PLAN, INC.",Humana,Humana Gold Plus H5619-143 (HMO),Humana Inc.,01/01/2007
H5619,145,Local CCP,HMO/HMOPOS,Yes,Yes,No,"ARCADIAN HEALTH PLAN, INC.",Humana,Humana Gold Plus - Diabetes and Heart (HMO C-SNP),Humana Inc.,01/01/2007
H5619,146,Local CCP,HMO/HMOPOS,Yes,No,No,"ARCADIAN HEALTH PLAN, INC.",Humana,Humana Gold Plus Giveback H5619-146 (HMO),Humana Inc.,01/01/2007
H5619,147,Local CCP,HMO/HMOPOS,Yes,No,No,"ARCADIAN HEALTH PLAN, INC.",Humana,Humana Gold Plus H5619-147 (HMO),Humana Inc.,01/01/2007
H5619,148,Local CCP,HMO/HMOPOS,Yes,No,No,"ARCADIAN HEALTH PLAN, INC.",Humana,Humana Gold Plus H5619-148 (HMO),Humana Inc.,01/01/2007
H5619,150,Local CCP,HMO/HMOPOS,Yes,No,No,"ARCADIAN HEALTH PLAN, INC.",Humana,Humana Gold Plus Giveback H5619-150 (HMO),Humana Inc.,01/01/2007
H5619,151,Local CCP,HMO/HMOPOS,No,No,No,"ARCADIAN HEALTH PLAN, INC.",Humana,Humana USAA Honor Giveback (HMO),Humana Inc.,01/01/2007
H5619,152,Local CCP,HMO/HMOPOS,Yes,No,No,"ARCADIAN HEALTH PLAN, INC.",Humana,Humana Gold Plus H5619-152 (HMO),Humana Inc.,01/01/2007
H5619,157,Local CCP,HMO/HMOPOS,Yes,No,No,"ARCADIAN HEALTH PLAN, INC.",Humana,Humana Gold Plus H5619-157 (HMO),Humana Inc.,01/01/2007
H5619,159,Local CCP,HMO/HMOPOS,Yes,No,No,"ARCADIAN HEALTH PLAN, INC.",Humana,Humana Community (HMO),Humana Inc.,01/01/2007
H5619,161,Local CCP,HMO/HMOPOS,Yes,Yes,No,"ARCADIAN HEALTH PLAN, INC.",Humana,Humana Gold Plus - Diabetes and Heart (HMO C-SNP),Humana Inc.,01/01/2007
H5619,162,Local CCP,HMO/HMOPOS,Yes,Yes,No,"ARCADIAN HEALTH PLAN, INC.",Humana,Humana Gold Plus SNP-DE H5619-162 (HMO-POS D-SNP),Humana Inc.,01/01/2007
H5619,163,Local CCP,HMO/HMOPOS,Yes,Yes,No,"ARCADIAN HEALTH PLAN, INC.",Humana,Humana Gold Plus SNP-DE H5619-163 (HMO D-SNP),Humana Inc.,01/01/2007
H5619,165,Local CCP,HMO/HMOPOS,Yes,Yes,No,"ARCADIAN HEALTH PLAN, INC.",Humana,Humana Dual Select H5619-165 (HMO D-SNP),Humana Inc.,01/01/2007
H5619,166,Local CCP,HMO/HMOPOS,Yes,Yes,No,"ARCADIAN HEALTH PLAN, INC.",Humana,Humana Gold Plus SNP-DE H5619-166 (HMO D-SNP),Humana Inc.,01/01/2007
H5619,167,Local CCP,HMO/HMOPOS,Yes,Yes,No,"ARCADIAN HEALTH PLAN, INC.",Humana,Humana Gold Plus SNP-DE H5619-167 (HMO D-SNP),Humana Inc.,01/01/2007
H5619,169,Local CCP,HMO/HMOPOS,Yes,No,No,"ARCADIAN HEALTH PLAN, INC.",Humana,Humana Gold Plus Giveback H5619-169 (HMO),Humana Inc.,01/01/2007
H5619,170,Local CCP,HMO/HMOPOS,Yes,Yes,No,"ARCADIAN HEALTH PLAN, INC.",Humana,Humana Gold Plus Chronic Kidney Disease (HMO C-SNP),Humana Inc.,01/01/2007
H5619,171,Local CCP,HMO/HMOPOS,Yes,No,No,"ARCADIAN HEALTH PLAN, INC.",Humana,Humana Gold Plus H5619-171 (HMO),Humana Inc.,01/01/2007
H5619,173,Local CCP,HMO/HMOPOS,Yes,No,No,"ARCADIAN HEALTH PLAN, INC.",Humana,Humana Gold Plus H5619-173 (HMO),Humana Inc.,01/01/2007
H5619,174,Local CCP,HMO/HMOPOS,Yes,No,No,"ARCADIAN HEALTH PLAN, INC.",Humana,Humana Gold Plus H5619-174 (HMO),Humana Inc.,01/01/2007
H5619,177,Local CCP,HMO/HMOPOS,Yes,No,No,"ARCADIAN HEALTH PLAN, INC.",Humana,Humana Total Complete H5619-177 (HMO),Humana Inc.,01/01/2007
H5619,178,Local CCP,HMO/HMOPOS,Yes,No,No,"ARCADIAN HEALTH PLAN, INC.",Humana,Humana Gold Plus H5619-178 (HMO),Humana Inc.,01/01/2007
H5619,179,Local CCP,HMO/HMOPOS,Yes,Yes,No,"ARCADIAN HEALTH PLAN, INC.",Humana,Humana Gold Plus SNP-DE H5619-179 (HMO-POS D-SNP),Humana Inc.,01/01/2007
H5619,180,Local CCP,HMO/HMOPOS,Yes,No,No,"ARCADIAN HEALTH PLAN, INC.",Humana,Humana Gold Plus H5619-180 (HMO),Humana Inc.,01/01/2007
H5619,181,Local CCP,HMO/HMOPOS,Yes,Yes,No,"ARCADIAN HEALTH PLAN, INC.",Humana,Humana Gold Plus - Diabetes and Heart (HMO C-SNP),Humana Inc.,01/01/2007
H5619,182,Local CCP,HMO/HMOPOS,Yes,Yes,No,"ARCADIAN HEALTH PLAN, INC.",Humana,Humana Gold Plus SNP-DE H5619-182 (HMO D-SNP),Humana Inc.,01/01/2007
H5619,183,Local CCP,HMO/HMOPOS,Yes,No,No,"ARCADIAN HEALTH PLAN, INC.",Humana,Humana Gold Plus H5619-183 (HMO),Humana Inc.,01/01/2007
H5619,184,Local CCP,HMO/HMOPOS,Yes,No,No,"ARCADIAN HEALTH PLAN, INC.",Humana,Humana Gold Plus H5619-184 (HMO),Humana Inc.,01/01/2007
H5619,802,Local CCP,HMO/HMOPOS,Yes,No,Yes,"ARCADIAN HEALTH PLAN, INC.",Humana,Humana Medicare Employer (HMO),Humana Inc.,01/01/2007
H5619,803,Local CCP,HMO/HMOPOS,No,No,Yes,"ARCADIAN HEALTH PLAN, INC.",Humana,Humana Medicare Employer (HMO),Humana Inc.,01/01/2007
H5619,805,Local CCP,HMO/HMOPOS,Yes,No,Yes,"ARCADIAN HEALTH PLAN, INC.",Humana,Humana Medicare Employer (HMO),Humana Inc.,01/01/2007
H5619,806,Local CCP,HMO/HMOPOS,No,No,Yes,"ARCADIAN HEALTH PLAN, INC.",Humana,Humana Medicare Employer (HMO),Humana Inc.,01/01/2007
H5718,001,Local CCP,Local PPO,Yes,No,No,DEVOTED HEALTH INSURANCE COMPANY OF KENTUCKY INC,Devoted Health,DEVOTED CHOICE 001 KY (PPO),"Devoted Health, Inc.",01/01/2025
H5718,002,Local CCP,Local PPO,Yes,No,No,DEVOTED HEALTH INSURANCE COMPANY OF KENTUCKY INC,Devoted Health,DEVOTED CHOICE GIVEBACK 002 KY (PPO),"Devoted Health, Inc.",01/01/2025
H5718,003,Local CCP,Local PPO,Yes,No,No,DEVOTED HEALTH INSURANCE COMPANY OF KENTUCKY INC,Devoted Health,DEVOTED CHOICE 003 KY (PPO),"Devoted Health, Inc.",01/01/2025
H5718,004,Local CCP,Local PPO,Yes,Yes,No,DEVOTED HEALTH INSURANCE COMPANY OF KENTUCKY INC,Devoted Health,DEVOTED C-SNP CHOICE PLUS 004 KY (PPO C-SNP),"Devoted Health, Inc.",01/01/2025
H5718,005,Local CCP,Local PPO,Yes,Yes,No,DEVOTED HEALTH INSURANCE COMPANY OF KENTUCKY INC,Devoted Health,DEVOTED C-SNP CHOICE PREMIUM 005 KY (PPO C-SNP),"Devoted Health, Inc.",01/01/2025
H5718,006,Local CCP,Local PPO,Yes,Yes,No,DEVOTED HEALTH INSURANCE COMPANY OF KENTUCKY INC,Devoted Health,DEVOTED C-SNP CHOICE PREMIUM 006 KY (PPO C-SNP),"Devoted Health, Inc.",01/01/2025
H6200,001,Local CCP,Local PPO,Yes,No,No,"ESSENCE HEALTHCARE PPO, INC.",Essence Healthcare,Essence Advantage Choice (PPO),Lumeris Group Holdings Corporation,01/01/2023
H6200,004,Local CCP,Local PPO,Yes,No,No,"ESSENCE HEALTHCARE PPO, INC.",Essence Healthcare,Essence Advantage Choice (PPO),Lumeris Group Holdings Corporation,01/01/2023
H6200,006,Local CCP,Local PPO,Yes,No,No,"ESSENCE HEALTHCARE PPO, INC.",Essence Healthcare,Essence Advantage Choice (PPO),Lumeris Group Holdings Corporation,01/01/2023
H6200,008,Local CCP,Local PPO,Yes,No,No,"ESSENCE HEALTHCARE PPO, INC.",Essence Healthcare,Essence Advantage Premier Plus (PPO),Lumeris Group Holdings Corporation,01/01/2023
H6200,009,Local CCP,Local PPO,Yes,No,No,"ESSENCE HEALTHCARE PPO, INC.",Essence Healthcare,Essence Advantage Choice (PPO),Lumeris Group Holdings Corporation,01/01/2023
H6200,010,Local CCP,Local PPO,Yes,No,No,"ESSENCE HEALTHCARE PPO, INC.",Essence Healthcare,Essence Advantage Choice Plus (PPO),Lumeris Group Holdings Corporation,01/01/2023
H6200,011,Local CCP,Local PPO,Yes,No,No,"ESSENCE HEALTHCARE PPO, INC.",Essence Healthcare,Essence Advantage Premier Plus (PPO),Lumeris Group Holdings Corporation,01/01/2023
H6200,801,Local CCP,Local PPO,Yes,No,Yes,"ESSENCE HEALTHCARE PPO, INC.",Essence Healthcare,Essence Advantage EGWP PPO MAPD Calendar Yr (PPO),Lumeris Group Holdings Corporation,01/01/2023
H6200,802,Local CCP,Local PPO,Yes,No,Yes,"ESSENCE HEALTHCARE PPO, INC.",Essence Healthcare,Essence Advantage EGWP PPO MAPD non-Calendar Yr (PPO),Lumeris Group Holdings Corporation,01/01/2023
H6200,803,Local CCP,Local PPO,No,No,Yes,"ESSENCE HEALTHCARE PPO, INC.",Essence Healthcare,Essence Advantage EGWP PPO MA Only Calendar Yr (PPO),Lumeris Group Holdings Corporation,01/01/2023
H6200,804,Local CCP,Local PPO,No,No,Yes,"ESSENCE HEALTHCARE PPO, INC.",Essence Healthcare,Essence Advantage EGWP PPO MA Only non-Calendar Yr (PPO),Lumeris Group Holdings Corporation,01/01/2023
H6595,003,Local CCP,HMO/HMOPOS,Yes,Yes,No,"UNITEDHEALTHCARE OF WISCONSIN, INC.",UnitedHealthcare,UHC Dual Complete KY-V001 (HMO-POS D-SNP),"UnitedHealth Group, Inc.",01/01/2019
H6595,004,Local CCP,HMO/HMOPOS,Yes,Yes,No,"UNITEDHEALTHCARE OF WISCONSIN, INC.",UnitedHealthcare,UHC Dual Complete KY-S002 (HMO-POS D-SNP),"UnitedHealth Group, Inc.",01/01/2019
H6595,005,Local CCP,HMO/HMOPOS,Yes,Yes,No,"UNITEDHEALTHCARE OF WISCONSIN, INC.",UnitedHealthcare,UHC Dual Complete KY-S4 (HMO-POS D-SNP),"UnitedHealth Group, Inc.",01/01/2019
H6622,001,Local CCP,HMO/HMOPOS,Yes,No,No,HUMANA WI HEALTH ORGANIZATION INSURANCE CORP,Humana,Humana Gold Plus H6622-001 (HMO),Humana Inc.,01/01/2011
H6622,004,Local CCP,HMO/HMOPOS,Yes,No,No,HUMANA WI HEALTH ORGANIZATION INSURANCE CORP,Humana,Humana Gold Plus H6622-004 (HMO),Humana Inc.,01/01/2011
H6622,007,Local CCP,HMO/HMOPOS,Yes,No,No,HUMANA WI HEALTH ORGANIZATION INSURANCE CORP,Humana,Humana Gold Plus H6622-007 (HMO),Humana Inc.,01/01/2011
H6622,008,Local CCP,HMO/HMOPOS,Yes,Yes,No,HUMANA WI HEALTH ORGANIZATION INSURANCE CORP,Humana,Humana Gold Plus SNP-DE H6622-008 (HMO D-SNP),Humana Inc.,01/01/2011
H6622,013,Local CCP,HMO/HMOPOS,Yes,No,No,HUMANA WI HEALTH ORGANIZATION INSURANCE CORP,Humana,Humana Gold Plus H6622-013 (HMO-POS),Humana Inc.,01/01/2011
H6622,014,Local CCP,HMO/HMOPOS,Yes,No,No,HUMANA WI HEALTH ORGANIZATION INSURANCE CORP,Humana,Humana Gold Plus H6622-014 (HMO-POS),Humana Inc.,01/01/2011
H6622,015,Local CCP,HMO/HMOPOS,Yes,Yes,No,HUMANA WI HEALTH ORGANIZATION INSURANCE CORP,Humana,Humana Gold Plus SNP-DE H6622-015 (HMO D-SNP),Humana Inc.,01/01/2011
H6622,017,Local CCP,HMO/HMOPOS,Yes,Yes,No,HUMANA WI HEALTH ORGANIZATION INSURANCE CORP,Humana,Humana Gold Plus - Diabetes and Heart (HMO C-SNP),Humana Inc.,01/01/2011
H6622,018,Local CCP,HMO/HMOPOS,Yes,Yes,No,HUMANA WI HEALTH ORGANIZATION INSURANCE CORP,Humana,Humana Gold Plus SNP-DE H6622-018 (HMO D-SNP),Humana Inc.,01/01/2011
H6622,021,Local CCP,HMO/HMOPOS,Yes,No,No,HUMANA WI HEALTH ORGANIZATION INSURANCE CORP,Humana,Humana Gold Plus H6622-021 (HMO-POS),Humana Inc.,01/01/2011
H6622,022,Local CCP,HMO/HMOPOS,Yes,No,No,HUMANA WI HEALTH ORGANIZATION INSURANCE CORP,Humana,Humana Gold Plus H6622-022 (HMO-POS),Humana Inc.,01/01/2011
H6622,023,Local CCP,HMO/HMOPOS,Yes,No,No,HUMANA WI HEALTH ORGANIZATION INSURANCE CORP,Humana,Humana Cleveland Clinic Preferred (HMO-POS),Humana Inc.,01/01/2011
H6622,025,Local CCP,HMO/HMOPOS,Yes,No,No,HUMANA WI HEALTH ORGANIZATION INSURANCE CORP,Humana,Humana Gold Plus H6622-025 (HMO-POS),Humana Inc.,01/01/2011
H6622,026,Local CCP,HMO/HMOPOS,Yes,No,No,HUMANA WI HEALTH ORGANIZATION INSURANCE CORP,Humana,Humana Gold Plus H6622-026 (HMO-POS),Humana Inc.,01/01/2011
H6622,027,Local CCP,HMO/HMOPOS,Yes,Yes,No,HUMANA WI HEALTH ORGANIZATION INSURANCE CORP,Humana,Humana Dual Select H6622-027 (HMO-POS D-SNP),Humana Inc.,01/01/2011
H6622,028,Local CCP,HMO/HMOPOS,Yes,No,No,HUMANA WI HEALTH ORGANIZATION INSURANCE CORP,Humana,Humana Gold Plus H6622-028 (HMO),Humana Inc.,01/01/2011
H6622,029,Local CCP,HMO/HMOPOS,Yes,Yes,No,HUMANA WI HEALTH ORGANIZATION INSURANCE CORP,Humana,Humana Gold Plus - Diabetes and Heart (HMO C-SNP),Humana Inc.,01/01/2011
H6622,032,Local CCP,HMO/HMOPOS,Yes,No,No,HUMANA WI HEALTH ORGANIZATION INSURANCE CORP,Humana,Humana Gold Plus H6622-032 (HMO),Humana Inc.,01/01/2011
H6622,033,Local CCP,HMO/HMOPOS,Yes,No,No,HUMANA WI HEALTH ORGANIZATION INSURANCE CORP,Humana,Humana Gold Plus H6622-033 (HMO),Humana Inc.,01/01/2011
H6622,035,Local CCP,HMO/HMOPOS,Yes,No,No,HUMANA WI HEALTH ORGANIZATION INSURANCE CORP,Humana,Humana Gold Plus H6622-035 (HMO),Humana Inc.,01/01/2011
H6622,036,Local CCP,HMO/HMOPOS,Yes,No,No,HUMANA WI HEALTH ORGANIZATION INSURANCE CORP,Humana,Humana Gold Plus H6622-036 (HMO),Humana Inc.,01/01/2011
H6622,037,Local CCP,HMO/HMOPOS,Yes,No,No,HUMANA WI HEALTH ORGANIZATION INSURANCE CORP,Humana,Humana Gold Plus H6622-037 (HMO),Humana Inc.,01/01/2011
H6622,047,Local CCP,HMO/HMOPOS,Yes,No,No,HUMANA WI HEALTH ORGANIZATION INSURANCE CORP,Humana,Humana Gold Plus H6622-047 (HMO),Humana Inc.,01/01/2011
H6622,048,Local CCP,HMO/HMOPOS,Yes,Yes,No,HUMANA WI HEALTH ORGANIZATION INSURANCE CORP,Humana,Humana Gold Plus SNP-DE H6622-048 (HMO D-SNP),Humana Inc.,01/01/2011
H6622,054,Local CCP,HMO/HMOPOS,Yes,No,No,HUMANA WI HEALTH ORGANIZATION INSURANCE CORP,Humana,Humana Gold Plus H6622-054 (HMO),Humana Inc.,01/01/2011
H6622,055,Local CCP,HMO/HMOPOS,Yes,No,No,HUMANA WI HEALTH ORGANIZATION INSURANCE CORP,Humana,Humana Gold Plus H6622-055 (HMO),Humana Inc.,01/01/2011
H6622,056,Local CCP,HMO/HMOPOS,Yes,No,No,HUMANA WI HEALTH ORGANIZATION INSURANCE CORP,Humana,Humana Gold Plus H6622-056 (HMO),Humana Inc.,01/01/2011
H6622,057,Local CCP,HMO/HMOPOS,Yes,No,No,HUMANA WI HEALTH ORGANIZATION INSURANCE CORP,Humana,Humana Gold Plus H6622-057 (HMO-POS),Humana Inc.,01/01/2011
H6622,060,Local CCP,HMO/HMOPOS,Yes,No,No,HUMANA WI HEALTH ORGANIZATION INSURANCE CORP,Humana,Humana Gold Plus H6622-060 (HMO-POS),Humana Inc.,01/01/2011
H6622,061,Local CCP,HMO/HMOPOS,Yes,No,No,HUMANA WI HEALTH ORGANIZATION INSURANCE CORP,Humana,Humana Gold Plus H6622-061 (HMO-POS),Humana Inc.,01/01/2011
H6622,071,Local CCP,HMO/HMOPOS,Yes,Yes,No,HUMANA WI HEALTH ORGANIZATION INSURANCE CORP,Humana,Humana Gold Plus - Diabetes and Heart (HMO C-SNP),Humana Inc.,01/01/2011
H6622,075,Local CCP,HMO/HMOPOS,Yes,No,No,HUMANA WI HEALTH ORGANIZATION INSURANCE CORP,Humana,Humana Gold Plus H6622-075 (HMO),Humana Inc.,01/01/2011
H6622,078,Local CCP,HMO/HMOPOS,Yes,Yes,No,HUMANA WI HEALTH ORGANIZATION INSURANCE CORP,Humana,Humana Gold Plus SNP-DE H6622-078 (HMO D-SNP),Humana Inc.,01/01/2011
H6622,079,Local CCP,HMO/HMOPOS,Yes,Yes,No,HUMANA WI HEALTH ORGANIZATION INSURANCE CORP,Humana,Humana Gold Plus SNP-DE H6622-079 (HMO D-SNP),Humana Inc.,01/01/2011
H6622,081,Local CCP,HMO/HMOPOS,Yes,No,No,HUMANA WI HEALTH ORGANIZATION INSURANCE CORP,Humana,Humana Gold Plus H6622-081 (HMO),Humana Inc.,01/01/2011
H6622,082,Local CCP,HMO/HMOPOS,Yes,No,No,HUMANA WI HEALTH ORGANIZATION INSURANCE CORP,Humana,Humana Gold Plus Giveback H6622-082 (HMO),Humana Inc.,01/01/2011
H6622,083,Local CCP,HMO/HMOPOS,Yes,No,No,HUMANA WI HEALTH ORGANIZATION INSURANCE CORP,Humana,Humana Gold Plus H6622-083 (HMO),Humana Inc.,01/01/2011
H6622,084,Local CCP,HMO/HMOPOS,Yes,Yes,No,HUMANA WI HEALTH ORGANIZATION INSURANCE CORP,Humana,Humana Gold Plus - Diabetes and Heart (HMO C-SNP),Humana Inc.,01/01/2011
H6622,085,Local CCP,HMO/HMOPOS,Yes,No,No,HUMANA WI HEALTH ORGANIZATION INSURANCE CORP,Humana,Humana Gold Plus H6622-085 (HMO),Humana Inc.,01/01/2011
H6622,087,Local CCP,HMO/HMOPOS,Yes,Yes,No,HUMANA WI HEALTH ORGANIZATION INSURANCE CORP,Humana,Humana Gold Plus SNP-DE H6622-087 (HMO D-SNP),Humana Inc.,01/01/2011
H6622,090,Local CCP,HMO/HMOPOS,Yes,No,No,HUMANA WI HEALTH ORGANIZATION INSURANCE CORP,Humana,Humana Gold Plus Giveback H6622-090 (HMO),Humana Inc.,01/01/2011
H6622,091,Local CCP,HMO/HMOPOS,Yes,No,No,HUMANA WI HEALTH ORGANIZATION INSURANCE CORP,Humana,Humana Total Complete H6622-091 (HMO),Humana Inc.,01/01/2011
H6622,094,Local CCP,HMO/HMOPOS,No,No,No,HUMANA WI HEALTH ORGANIZATION INSURANCE CORP,Humana,Humana USAA Honor Giveback (HMO),Humana Inc.,01/01/2011
H6622,095,Local CCP,HMO/HMOPOS,Yes,No,No,HUMANA WI HEALTH ORGANIZATION INSURANCE CORP,Humana,Humana Gold Plus H6622-095 (HMO),Humana Inc.,01/01/2011
H6622,097,Local CCP,HMO/HMOPOS,Yes,No,No,HUMANA WI HEALTH ORGANIZATION INSURANCE CORP,Humana,Humana Total Complete H6622-097 (HMO),Humana Inc.,01/01/2011
H6622,098,Local CCP,HMO/HMOPOS,Yes,Yes,No,HUMANA WI HEALTH ORGANIZATION INSURANCE CORP,Humana,Humana Gold Plus - Diabetes and Heart (HMO C-SNP),Humana Inc.,01/01/2011
H6622,099,Local CCP,HMO/HMOPOS,Yes,No,No,HUMANA WI HEALTH ORGANIZATION INSURANCE CORP,Humana,Humana Gold Plus H6622-099 (HMO),Humana Inc.,01/01/2011
H6622,100,Local CCP,HMO/HMOPOS,Yes,No,No,HUMANA WI HEALTH ORGANIZATION INSURANCE CORP,Humana,Humana Gold Plus H6622-100 (HMO),Humana Inc.,01/01/2011
H6622,101,Local CCP,HMO/HMOPOS,Yes,Yes,No,HUMANA WI HEALTH ORGANIZATION INSURANCE CORP,Humana,Humana Gold Plus SNP-DE H6622-101 (HMO D-SNP),Humana Inc.,01/01/2011
H6622,801,Local CCP,HMO/HMOPOS,Yes,No,Yes,HUMANA WI HEALTH ORGANIZATION INSURANCE CORP,Humana,Humana Medicare Employer (HMO),Humana Inc.,01/01/2011
H6622,802,Local CCP,HMO/HMOPOS,No,No,Yes,HUMANA WI HEALTH ORGANIZATION INSURANCE CORP,Humana,Humana Medicare Employer (HMO),Humana Inc.,01/01/2011
H6622,804,Local CCP,HMO/HMOPOS,Yes,No,Yes,HUMANA WI HEALTH ORGANIZATION INSURANCE CORP,Humana,Humana Medicare Employer (HMO),Humana Inc.,01/01/2011
H6622,805,Local CCP,HMO/HMOPOS,No,No,Yes,HUMANA WI HEALTH ORGANIZATION INSURANCE CORP,Humana,Humana Medicare Employer (HMO),Humana Inc.,01/01/2011
H7275,001,Local CCP,HMO/HMOPOS,Yes,Yes,No,PROVIDER PARTNERS HEALTH PLAN OF KENTUCKY,Provider Partners Health Plans,Provider Partners Kentucky Advantage Plan (HMO I-SNP),"Rifkin Managed Care Holding, LLC",01/01/2026
H7617,003,Local CCP,Local PPO,Yes,No,No,EMPHESYS INSURANCE COMPANY,Humana,HumanaChoice Giveback H7617-003 (PPO),Humana Inc.,01/01/2020
H7617,004,Local CCP,Local PPO,Yes,No,No,EMPHESYS INSURANCE COMPANY,Humana,HumanaChoice H7617-004 (PPO),Humana Inc.,01/01/2020
H7617,005,Local CCP,Local PPO,Yes,No,No,EMPHESYS INSURANCE COMPANY,Humana,Humana USAA Honor Giveback with Rx (PPO),Humana Inc.,01/01/2020
H7617,006,Local CCP,Local PPO,Yes,Yes,No,EMPHESYS INSURANCE COMPANY,Humana,HumanaChoice SNP-DE H7617-006 (PPO D-SNP),Humana Inc.,01/01/2020
H7617,007,Local CCP,Local PPO,Yes,No,No,EMPHESYS INSURANCE COMPANY,Humana,HumanaChoice H7617-007 (PPO),Humana Inc.,01/01/2020
H7617,008,Local CCP,Local PPO,Yes,No,No,EMPHESYS INSURANCE COMPANY,Humana,Humana Full Access H7617-008 (PPO),Humana Inc.,01/01/2020
H7617,009,Local CCP,Local PPO,Yes,No,No,EMPHESYS INSURANCE COMPANY,Humana,Humana Full Access H7617-009 (PPO),Humana Inc.,01/01/2020
H7617,010,Local CCP,Local PPO,Yes,No,No,EMPHESYS INSURANCE COMPANY,Humana,Humana Value Choice H7617-010 (PPO),Humana Inc.,01/01/2020
H7617,011,Local CCP,Local PPO,Yes,No,No,EMPHESYS INSURANCE COMPANY,Humana,HumanaChoice Giveback H7617-011 (PPO),Humana Inc.,01/01/2020
H7617,012,Local CCP,Local PPO,No,No,No,EMPHESYS INSURANCE COMPANY,Humana,Humana USAA Honor Giveback (PPO),Humana Inc.,01/01/2020
H7617,013,Local CCP,Local PPO,Yes,No,No,EMPHESYS INSURANCE COMPANY,Humana,HumanaChoice Giveback H7617-013 (PPO),Humana Inc.,01/01/2020
H7617,014,Local CCP,Local PPO,Yes,No,No,EMPHESYS INSURANCE COMPANY,Humana,HumanaChoice Giveback H7617-014 (PPO),Humana Inc.,01/01/2020
H7617,015,Local CCP,Local PPO,Yes,No,No,EMPHESYS INSURANCE COMPANY,Humana,HumanaChoice Giveback H7617-015 (PPO),Humana Inc.,01/01/2020
H7617,016,Local CCP,Local PPO,Yes,No,No,EMPHESYS INSURANCE COMPANY,Humana,HumanaChoice H7617-016 (PPO),Humana Inc.,01/01/2020
H7617,017,Local CCP,Local PPO,Yes,No,No,EMPHESYS INSURANCE COMPANY,Humana,Humana Essentials Plus Giveback H7617-017 (PPO),Humana Inc.,01/01/2020
H7617,018,Local CCP,Local PPO,Yes,No,No,EMPHESYS INSURANCE COMPANY,Humana,HumanaChoice H7617-018 (PPO),Humana Inc.,01/01/2020
H7617,019,Local CCP,Local PPO,Yes,No,No,EMPHESYS INSURANCE COMPANY,Humana,HumanaChoice H7617-019 (PPO),Humana Inc.,01/01/2020
H7617,020,Local CCP,Local PPO,Yes,No,No,EMPHESYS INSURANCE COMPANY,Humana,Humana Full Access H7617-020 (PPO),Humana Inc.,01/01/2020
H7617,021,Local CCP,Local PPO,No,No,No,EMPHESYS INSURANCE COMPANY,Humana,Humana USAA Honor Giveback (PPO),Humana Inc.,01/01/2020
H7617,022,Local CCP,Local PPO,No,No,No,EMPHESYS INSURANCE COMPANY,Humana,Humana USAA Honor Giveback (PPO),Humana Inc.,01/01/2020
H7617,023,Local CCP,Local PPO,Yes,No,No,EMPHESYS INSURANCE COMPANY,Humana,Humana Value Choice H7617-023 (PPO),Humana Inc.,01/01/2020
H7617,024,Local CCP,Local PPO,Yes,No,No,EMPHESYS INSURANCE COMPANY,Humana,Humana Essentials Plus Giveback H7617-024 (PPO),Humana Inc.,01/01/2020
H7617,025,Local CCP,Local PPO,Yes,No,No,EMPHESYS INSURANCE COMPANY,Humana,Humana Full Access H7617-025 (PPO),Humana Inc.,01/01/2020
H7617,026,Local CCP,Local PPO,Yes,No,No,EMPHESYS INSURANCE COMPANY,Humana,Humana Full Access H7617-026 (PPO),Humana Inc.,01/01/2020
H7617,027,Local CCP,Local PPO,Yes,No,No,EMPHESYS INSURANCE COMPANY,Humana,HumanaChoice H7617-027 (PPO),Humana Inc.,01/01/2020
H7617,028,Local CCP,Local PPO,Yes,No,No,EMPHESYS INSURANCE COMPANY,Humana,Humana Full Access H7617-028 (PPO),Humana Inc.,01/01/2020
H7617,029,Local CCP,Local PPO,Yes,No,No,EMPHESYS INSURANCE COMPANY,Humana,Humana Full Access H7617-029 (PPO),Humana Inc.,01/01/2020
H7617,030,Local CCP,Local PPO,Yes,No,No,EMPHESYS INSURANCE COMPANY,Humana,Humana Value Choice H7617-030 (PPO),Humana Inc.,01/01/2020
H7617,031,Local CCP,Local PPO,Yes,No,No,EMPHESYS INSURANCE COMPANY,Humana,Humana Value Choice H7617-031 (PPO),Humana Inc.,01/01/2020
H7617,032,Local CCP,Local PPO,Yes,No,No,EMPHESYS INSURANCE COMPANY,Humana,Humana Value Choice H7617-032 (PPO),Humana Inc.,01/01/2020
H7617,033,Local CCP,Local PPO,Yes,Yes,No,EMPHESYS INSURANCE COMPANY,Humana,HumanaChoice - Diabetes and Heart (PPO C-SNP),Humana Inc.,01/01/2020
H7617,034,Local CCP,Local PPO,Yes,Yes,No,EMPHESYS INSURANCE COMPANY,Humana,HumanaChoice - Diabetes and Heart (PPO C-SNP),Humana Inc.,01/01/2020
H7617,035,Local CCP,Local PPO,Yes,No,No,EMPHESYS INSURANCE COMPANY,Humana,Humana Essentials Plus Giveback H7617-035 (PPO),Humana Inc.,01/01/2020
H7617,036,Local CCP,Local PPO,Yes,Yes,No,EMPHESYS INSURANCE COMPANY,Humana,HumanaChoice SNP-DE H7617-036 (PPO D-SNP),Humana Inc.,01/01/2020
H7617,037,Local CCP,Local PPO,Yes,Yes,No,EMPHESYS INSURANCE COMPANY,Humana,HumanaChoice SNP-DE H7617-037 (PPO D-SNP),Humana Inc.,01/01/2020
H7617,038,Local CCP,Local PPO,Yes,Yes,No,EMPHESYS INSURANCE COMPANY,Humana,HumanaChoice SNP-DE H7617-038 (PPO D-SNP),Humana Inc.,01/01/2020
H7617,039,Local CCP,Local PPO,Yes,Yes,No,EMPHESYS INSURANCE COMPANY,Humana,Humana Dual Select H7617-039 (PPO D-SNP),Humana Inc.,01/01/2020
H7617,040,Local CCP,Local PPO,Yes,No,No,EMPHESYS INSURANCE COMPANY,Humana,HumanaChoice H7617-040 (PPO),Humana Inc.,01/01/2020
H7617,041,Local CCP,Local PPO,Yes,No,No,EMPHESYS INSURANCE COMPANY,Humana,HumanaChoice Giveback H7617-041 (PPO),Humana Inc.,01/01/2020
H7617,042,Local CCP,Local PPO,Yes,No,No,EMPHESYS INSURANCE COMPANY,Humana,Humana USAA Honor Giveback with Rx (PPO),Humana Inc.,01/01/2020
H7617,043,Local CCP,Local PPO,Yes,No,No,EMPHESYS INSURANCE COMPANY,Humana,Humana Value Choice H7617-043 (PPO),Humana Inc.,01/01/2020
H7617,044,Local CCP,Local PPO,Yes,No,No,EMPHESYS INSURANCE COMPANY,Humana,HumanaChoice H7617-044 (PPO),Humana Inc.,01/01/2020
H7617,045,Local CCP,Local PPO,Yes,No,No,EMPHESYS INSURANCE COMPANY,Humana,HumanaChoice Giveback H7617-045 (PPO),Humana Inc.,01/01/2020
H7617,046,Local CCP,Local PPO,Yes,No,No,EMPHESYS INSURANCE COMPANY,Humana,HumanaChoice Giveback H7617-046 (PPO),Humana Inc.,01/01/2020
H7617,048,Local CCP,Local PPO,Yes,Yes,No,EMPHESYS INSURANCE COMPANY,Humana,HumanaChoice SNP-DE H7617-048 (PPO D-SNP),Humana Inc.,01/01/2020
H7617,049,Local CCP,Local PPO,Yes,No,No,EMPHESYS INSURANCE COMPANY,Humana,HumanaChoice Giveback H7617-049 (PPO),Humana Inc.,01/01/2020
H7617,050,Local CCP,Local PPO,Yes,No,No,EMPHESYS INSURANCE COMPANY,Humana,HumanaChoice H7617-050 (PPO),Humana Inc.,01/01/2020
H7617,051,Local CCP,Local PPO,Yes,No,No,EMPHESYS INSURANCE COMPANY,Humana,HumanaChoice Giveback H7617-051 (PPO),Humana Inc.,01/01/2020
H7617,052,Local CCP,Local PPO,Yes,No,No,EMPHESYS INSURANCE COMPANY,Humana,Humana Full Access H7617-052 (PPO),Humana Inc.,01/01/2020
H7617,053,Local CCP,Local PPO,Yes,No,No,EMPHESYS INSURANCE COMPANY,Humana,Humana Full Access H7617-053 (PPO),Humana Inc.,01/01/2020
H7617,054,Local CCP,Local PPO,No,No,No,EMPHESYS INSURANCE COMPANY,Humana,Humana USAA Honor Giveback (PPO),Humana Inc.,01/01/2020
H7617,055,Local CCP,Local PPO,Yes,No,No,EMPHESYS INSURANCE COMPANY,Humana,Humana Full Access H7617-055 (PPO),Humana Inc.,01/01/2020
H7617,056,Local CCP,Local PPO,Yes,No,No,EMPHESYS INSURANCE COMPANY,Humana,HumanaChoice Giveback H7617-056 (PPO),Humana Inc.,01/01/2020
H7617,057,Local CCP,Local PPO,Yes,No,No,EMPHESYS INSURANCE COMPANY,Humana,Humana Value Choice H7617-057 (PPO),Humana Inc.,01/01/2020
H7617,058,Local CCP,Local PPO,Yes,No,No,EMPHESYS INSURANCE COMPANY,Humana,Humana Full Access Giveback H7617-058 (PPO),Humana Inc.,01/01/2020
H7617,059,Local CCP,Local PPO,Yes,No,No,EMPHESYS INSURANCE COMPANY,Humana,HumanaChoice H7617-059 (PPO),Humana Inc.,01/01/2020
H7617,060,Local CCP,Local PPO,Yes,No,No,EMPHESYS INSURANCE COMPANY,Humana,Humana USAA Honor Giveback with Rx (PPO),Humana Inc.,01/01/2020
H7617,061,Local CCP,Local PPO,Yes,No,No,EMPHESYS INSURANCE COMPANY,Humana,HumanaChoice Giveback H7617-061 (PPO),Humana Inc.,01/01/2020
H7617,062,Local CCP,Local PPO,No,No,No,EMPHESYS INSURANCE COMPANY,Humana,Humana USAA Honor Giveback (PPO),Humana Inc.,01/01/2020
H7617,063,Local CCP,Local PPO,Yes,No,No,EMPHESYS INSURANCE COMPANY,Humana,HumanaChoice H7617-063 (PPO),Humana Inc.,01/01/2020
H7617,064,Local CCP,Local PPO,Yes,No,No,EMPHESYS INSURANCE COMPANY,Humana,Humana Value Choice H7617-064 (PPO),Humana Inc.,01/01/2020
H7617,065,Local CCP,Local PPO,Yes,No,No,EMPHESYS INSURANCE COMPANY,Humana,HumanaChoice Giveback H7617-065 (PPO),Humana Inc.,01/01/2020
H7617,066,Local CCP,Local PPO,Yes,No,No,EMPHESYS INSURANCE COMPANY,Humana,HumanaChoice H7617-066 (PPO),Humana Inc.,01/01/2020
H7617,067,Local CCP,Local PPO,Yes,Yes,No,EMPHESYS INSURANCE COMPANY,Humana,HumanaChoice SNP-DE H7617-067 (PPO D-SNP),Humana Inc.,01/01/2020
H7617,068,Local CCP,Local PPO,Yes,No,No,EMPHESYS INSURANCE COMPANY,Humana,HumanaChoice H7617-068 (PPO),Humana Inc.,01/01/2020
H7617,069,Local CCP,Local PPO,Yes,No,No,EMPHESYS INSURANCE COMPANY,Humana,Humana Full Access H7617-069 (PPO),Humana Inc.,01/01/2020
H7617,070,Local CCP,Local PPO,Yes,No,No,EMPHESYS INSURANCE COMPANY,Humana,HumanaChoice H7617-070 (PPO),Humana Inc.,01/01/2020
H7617,071,Local CCP,Local PPO,Yes,No,No,EMPHESYS INSURANCE COMPANY,Humana,Humana USAA Honor Giveback with Rx (PPO),Humana Inc.,01/01/2020
H7617,072,Local CCP,Local PPO,Yes,No,No,EMPHESYS INSURANCE COMPANY,Humana,Humana USAA Honor Giveback with Rx (PPO),Humana Inc.,01/01/2020
H7617,073,Local CCP,Local PPO,No,No,No,EMPHESYS INSURANCE COMPANY,Humana,Humana USAA Honor Giveback (PPO),Humana Inc.,01/01/2020
H7617,074,Local CCP,Local PPO,Yes,Yes,No,EMPHESYS INSURANCE COMPANY,Humana,Humana Dual Select H7617-074 (PPO D-SNP),Humana Inc.,01/01/2020
H7617,075,Local CCP,Local PPO,Yes,Yes,No,EMPHESYS INSURANCE COMPANY,Humana,HumanaChoice SNP-DE H7617-075 (PPO D-SNP),Humana Inc.,01/01/2020
H7617,076,Local CCP,Local PPO,Yes,Yes,No,EMPHESYS INSURANCE COMPANY,Humana,HumanaChoice SNP-DE H7617-076 (PPO D-SNP),Humana Inc.,01/01/2020
H7617,077,Local CCP,Local PPO,Yes,Yes,No,EMPHESYS INSURANCE COMPANY,Humana,HumanaChoice - Diabetes and Heart (PPO C-SNP),Humana Inc.,01/01/2020
H7617,078,Local CCP,Local PPO,Yes,Yes,No,EMPHESYS INSURANCE COMPANY,Humana,HumanaChoice - Diabetes and Heart (PPO C-SNP),Humana Inc.,01/01/2020
H7617,079,Local CCP,Local PPO,Yes,No,No,EMPHESYS INSURANCE COMPANY,Humana,HumanaChoice H7617-079 (PPO),Humana Inc.,01/01/2020
H7617,080,Local CCP,Local PPO,Yes,No,No,EMPHESYS INSURANCE COMPANY,Humana,HumanaChoice H7617-080 (PPO),Humana Inc.,01/01/2020
H7617,081,Local CCP,Local PPO,Yes,No,No,EMPHESYS INSURANCE COMPANY,Humana,Humana Value Plus H7617-081 (PPO),Humana Inc.,01/01/2020
H7617,082,Local CCP,Local PPO,Yes,Yes,No,EMPHESYS INSURANCE COMPANY,Humana,HumanaChoice SNP-DE H7617-082 (PPO D-SNP),Humana Inc.,01/01/2020
H7617,083,Local CCP,Local PPO,Yes,Yes,No,EMPHESYS INSURANCE COMPANY,Humana,Humana Dual Select H7617-083 (PPO D-SNP),Humana Inc.,01/01/2020
H7617,084,Local CCP,Local PPO,Yes,Yes,No,EMPHESYS INSURANCE COMPANY,Humana,HumanaChoice SNP-DE H7617-084 (PPO D-SNP),Humana Inc.,01/01/2020
H7617,085,Local CCP,Local PPO,Yes,No,No,EMPHESYS INSURANCE COMPANY,Humana,HumanaChoice H7617-085 (PPO),Humana Inc.,01/01/2020
H7617,086,Local CCP,Local PPO,No,No,No,EMPHESYS INSURANCE COMPANY,Humana,Humana USAA Honor Giveback (PPO),Humana Inc.,01/01/2020
H7617,087,Local CCP,Local PPO,Yes,No,No,EMPHESYS INSURANCE COMPANY,Humana,Humana Value Plus H7617-087 (PPO),Humana Inc.,01/01/2020
H7617,088,Local CCP,Local PPO,Yes,No,No,EMPHESYS INSURANCE COMPANY,Humana,Humana Value Plus H7617-088 (PPO),Humana Inc.,01/01/2020
H7617,089,Local CCP,Local PPO,Yes,No,No,EMPHESYS INSURANCE COMPANY,Humana,Humana Value Plus H7617-089 (PPO),Humana Inc.,01/01/2020
H7617,090,Local CCP,Local PPO,Yes,No,No,EMPHESYS INSURANCE COMPANY,Humana,HumanaChoice H7617-090 (PPO),Humana Inc.,01/01/2020
H7617,091,Local CCP,Local PPO,Yes,No,No,EMPHESYS INSURANCE COMPANY,Humana,HumanaChoice H7617-091 (PPO),Humana Inc.,01/01/2020
H7617,092,Local CCP,Local PPO,Yes,No,No,EMPHESYS INSURANCE COMPANY,Humana,HumanaChoice H7617-092 (PPO),Humana Inc.,01/01/2020
H7617,093,Local CCP,Local PPO,Yes,No,No,EMPHESYS INSURANCE COMPANY,Humana,HumanaChoice H7617-093 (PPO),Humana Inc.,01/01/2020
H7617,094,Local CCP,Local PPO,Yes,No,No,EMPHESYS INSURANCE COMPANY,Humana,HumanaChoice Giveback H7617-094 (PPO),Humana Inc.,01/01/2020
H7617,095,Local CCP,Local PPO,Yes,No,No,EMPHESYS INSURANCE COMPANY,Humana,HumanaChoice H7617-095 (PPO),Humana Inc.,01/01/2020
H7617,096,Local CCP,Local PPO,No,No,No,EMPHESYS INSURANCE COMPANY,Humana,Humana USAA Honor Giveback (PPO),Humana Inc.,01/01/2020
H7617,098,Local CCP,Local PPO,Yes,No,No,EMPHESYS INSURANCE COMPANY,Humana,Humana Value Choice H7617-098 (PPO),Humana Inc.,01/01/2020
H7617,100,Local CCP,Local PPO,Yes,No,No,EMPHESYS INSURANCE COMPANY,Humana,Humana Essentials Plus Giveback H7617-100 (PPO),Humana Inc.,01/01/2020
H7617,101,Local CCP,Local PPO,No,No,No,EMPHESYS INSURANCE COMPANY,Humana,Humana USAA Honor Giveback (PPO),Humana Inc.,01/01/2020
H7617,107,Local CCP,Local PPO,Yes,No,No,EMPHESYS INSURANCE COMPANY,Humana,HumanaChoice Florida H7617-107 (PPO),Humana Inc.,01/01/2020
H7617,108,Local CCP,Local PPO,No,No,No,EMPHESYS INSURANCE COMPANY,Humana,Humana USAA Honor Giveback (PPO),Humana Inc.,01/01/2020
H7617,109,Local CCP,Local PPO,Yes,No,No,EMPHESYS INSURANCE COMPANY,Humana,HumanaChoice Florida H7617-109 (PPO),Humana Inc.,01/01/2020
H7617,110,Local CCP,Local PPO,Yes,No,No,EMPHESYS INSURANCE COMPANY,Humana,Humana Full Access Giveback H7617-110 (PPO),Humana Inc.,01/01/2020
H7617,111,Local CCP,Local PPO,Yes,No,No,EMPHESYS INSURANCE COMPANY,Humana,Humana Full Access Giveback H7617-111 (PPO),Humana Inc.,01/01/2020
H7617,112,Local CCP,Local PPO,Yes,No,No,EMPHESYS INSURANCE COMPANY,Humana,Humana Direct Choice Giveback (PPO),Humana Inc.,01/01/2020
H7617,113,Local CCP,Local PPO,Yes,Yes,No,EMPHESYS INSURANCE COMPANY,Humana,HumanaChoice Florida SNP-DE H7617-113 (PPO D-SNP),Humana Inc.,01/01/2020
H7617,801,Local CCP,Local PPO,Yes,No,Yes,EMPHESYS INSURANCE COMPANY,Humana,Humana Medicare Employer (PPO),Humana Inc.,01/01/2020
H7617,802,Local CCP,Local PPO,No,No,Yes,EMPHESYS INSURANCE COMPANY,Humana,Humana Medicare Employer (PPO),Humana Inc.,01/01/2020
H7617,803,Local CCP,Local PPO,Yes,No,Yes,EMPHESYS INSURANCE COMPANY,Humana,Humana Medicare Employer (PPO),Humana Inc.,01/01/2020
H7617,804,Local CCP,Local PPO,No,No,Yes,EMPHESYS INSURANCE COMPANY,Humana,Humana Medicare Employer (PPO),Humana Inc.,01/01/2020
H7617,805,Local CCP,Local PPO,Yes,No,Yes,EMPHESYS INSURANCE COMPANY,Humana,Humana Medicare Employer (PPO),Humana Inc.,01/01/2020
H7617,806,Local CCP,Local PPO,No,No,Yes,EMPHESYS INSURANCE COMPANY,Humana,Humana Medicare Employer (PPO),Humana Inc.,01/01/2020
H7617,807,Local CCP,Local PPO,Yes,No,Yes,EMPHESYS INSURANCE COMPANY,Humana,Humana Medicare Employer (PPO),Humana Inc.,01/01/2020
H7617,808,Local CCP,Local PPO,No,No,Yes,EMPHESYS INSURANCE COMPANY,Humana,Humana Medicare Employer (PPO),Humana Inc.,01/01/2020
H7617,811,Local CCP,Local PPO,Yes,No,Yes,EMPHESYS INSURANCE COMPANY,Humana,Humana Medicare Employer (PPO),Humana Inc.,01/01/2020
H7617,812,Local CCP,Local PPO,No,No,Yes,EMPHESYS INSURANCE COMPANY,Humana,Humana Medicare Employer (PPO),Humana Inc.,01/01/2020
H7617,817,Local CCP,Local PPO,Yes,No,Yes,EMPHESYS INSURANCE COMPANY,Humana,Humana Medicare Employer (PPO),Humana Inc.,01/01/2020
H7617,818,Local CCP,Local PPO,No,No,Yes,EMPHESYS INSURANCE COMPANY,Humana,Humana Medicare Employer (PPO),Humana Inc.,01/01/2020
H7849,002,Local CCP,Local PPO,Yes,No,No,"HEALTHSPRING LIFE & HEALTH INSURANCE COMPANY, INC.",HealthSpring,HealthSpring True Choice (PPO),Health Care Service Corporation,01/01/2020
H7849,015,Local CCP,Local PPO,Yes,No,No,"HEALTHSPRING LIFE & HEALTH INSURANCE COMPANY, INC.",HealthSpring,HealthSpring True Choice (PPO),Health Care Service Corporation,01/01/2020
H7849,024,Local CCP,Local PPO,Yes,No,No,"HEALTHSPRING LIFE & HEALTH INSURANCE COMPANY, INC.",HealthSpring,HealthSpring True Choice (PPO),Health Care Service Corporation,01/01/2020
H7849,029,Local CCP,Local PPO,Yes,No,No,"HEALTHSPRING LIFE & HEALTH INSURANCE COMPANY, INC.",HealthSpring,HealthSpring True Choice (PPO),Health Care Service Corporation,01/01/2020
H7849,059,Local CCP,Local PPO,Yes,No,No,"HEALTHSPRING LIFE & HEALTH INSURANCE COMPANY, INC.",HealthSpring,HealthSpring True Choice (PPO),Health Care Service Corporation,01/01/2020
H7849,065,Local CCP,Local PPO,Yes,No,No,"HEALTHSPRING LIFE & HEALTH INSURANCE COMPANY, INC.",HealthSpring,HealthSpring True Choice (PPO),Health Care Service Corporation,01/01/2020
H7849,070,Local CCP,Local PPO,Yes,No,No,"HEALTHSPRING LIFE & HEALTH INSURANCE COMPANY, INC.",HealthSpring,HealthSpring True Choice (PPO),Health Care Service Corporation,01/01/2020
H7849,077,Local CCP,Local PPO,Yes,No,No,"HEALTHSPRING LIFE & HEALTH INSURANCE COMPANY, INC.",HealthSpring,HealthSpring True Choice Savings (PPO),Health Care Service Corporation,01/01/2020
H7849,080,Local CCP,Local PPO,Yes,No,No,"HEALTHSPRING LIFE & HEALTH INSURANCE COMPANY, INC.",HealthSpring,HealthSpring True Choice Savings (PPO),Health Care Service Corporation,01/01/2020
H7849,088,Local CCP,Local PPO,Yes,No,No,"HEALTHSPRING LIFE & HEALTH INSURANCE COMPANY, INC.",HealthSpring,HealthSpring True Choice (PPO),Health Care Service Corporation,01/01/2020
H7849,102,Local CCP,Local PPO,Yes,No,No,"HEALTHSPRING LIFE & HEALTH INSURANCE COMPANY, INC.",HealthSpring,HealthSpring True Choice (PPO),Health Care Service Corporation,01/01/2020
H7849,106,Local CCP,Local PPO,Yes,No,No,"HEALTHSPRING LIFE & HEALTH INSURANCE COMPANY, INC.",HealthSpring,HealthSpring True Choice (PPO),Health Care Service Corporation,01/01/2020
H7849,113,Local CCP,Local PPO,Yes,No,No,"HEALTHSPRING LIFE & HEALTH INSURANCE COMPANY, INC.",HealthSpring,HealthSpring True Choice (PPO),Health Care Service Corporation,01/01/2020
H7849,114,Local CCP,Local PPO,Yes,No,No,"HEALTHSPRING LIFE & HEALTH INSURANCE COMPANY, INC.",HealthSpring,HealthSpring True Choice Plus (PPO),Health Care Service Corporation,01/01/2020
H7849,135,Local CCP,Local PPO,Yes,No,No,"HEALTHSPRING LIFE & HEALTH INSURANCE COMPANY, INC.",HealthSpring,HealthSpring True Choice (PPO),Health Care Service Corporation,01/01/2020
H7849,136,Local CCP,Local PPO,Yes,No,No,"HEALTHSPRING LIFE & HEALTH INSURANCE COMPANY, INC.",HealthSpring,HealthSpring True Choice (PPO),Health Care Service Corporation,01/01/2020
H7849,142,Local CCP,Local PPO,Yes,No,No,"HEALTHSPRING LIFE & HEALTH INSURANCE COMPANY, INC.",HealthSpring,HealthSpring True Choice Plus (PPO),Health Care Service Corporation,01/01/2020
H7849,143,Local CCP,Local PPO,Yes,No,No,"HEALTHSPRING LIFE & HEALTH INSURANCE COMPANY, INC.",HealthSpring,HealthSpring True Choice (PPO),Health Care Service Corporation,01/01/2020
H7849,144,Local CCP,Local PPO,Yes,No,No,"HEALTHSPRING LIFE & HEALTH INSURANCE COMPANY, INC.",HealthSpring,HealthSpring True Choice (PPO),Health Care Service Corporation,01/01/2020
H7849,145,Local CCP,Local PPO,Yes,No,No,"HEALTHSPRING LIFE & HEALTH INSURANCE COMPANY, INC.",HealthSpring,HealthSpring True Choice (PPO),Health Care Service Corporation,01/01/2020
H7849,146,Local CCP,Local PPO,Yes,No,No,"HEALTHSPRING LIFE & HEALTH INSURANCE COMPANY, INC.",HealthSpring,HealthSpring True Choice (PPO),Health Care Service Corporation,01/01/2020
H7849,147,Local CCP,Local PPO,Yes,No,No,"HEALTHSPRING LIFE & HEALTH INSURANCE COMPANY, INC.",HealthSpring,HealthSpring True Choice (PPO),Health Care Service Corporation,01/01/2020
H7849,148,Local CCP,Local PPO,Yes,No,No,"HEALTHSPRING LIFE & HEALTH INSURANCE COMPANY, INC.",HealthSpring,HealthSpring True Choice (PPO),Health Care Service Corporation,01/01/2020
H7849,149,Local CCP,Local PPO,Yes,No,No,"HEALTHSPRING LIFE & HEALTH INSURANCE COMPANY, INC.",HealthSpring,HealthSpring True Choice (PPO),Health Care Service Corporation,01/01/2020
H7849,150,Local CCP,Local PPO,Yes,No,No,"HEALTHSPRING LIFE & HEALTH INSURANCE COMPANY, INC.",HealthSpring,HealthSpring True Choice (PPO),Health Care Service Corporation,01/01/2020
H7849,151,Local CCP,Local PPO,Yes,No,No,"HEALTHSPRING LIFE & HEALTH INSURANCE COMPANY, INC.",HealthSpring,HealthSpring True Choice (PPO),Health Care Service Corporation,01/01/2020
H7849,152,Local CCP,Local PPO,Yes,No,No,"HEALTHSPRING LIFE & HEALTH INSURANCE COMPANY, INC.",HealthSpring,HealthSpring True Choice (PPO),Health Care Service Corporation,01/01/2020
H7849,153,Local CCP,Local PPO,Yes,No,No,"HEALTHSPRING LIFE & HEALTH INSURANCE COMPANY, INC.",HealthSpring,HealthSpring True Choice (PPO),Health Care Service Corporation,01/01/2020
H7849,154,Local CCP,Local PPO,Yes,No,No,"HEALTHSPRING LIFE & HEALTH INSURANCE COMPANY, INC.",HealthSpring,HealthSpring True Choice (PPO),Health Care Service Corporation,01/01/2020
H7849,155,Local CCP,Local PPO,Yes,No,No,"HEALTHSPRING LIFE & HEALTH INSURANCE COMPANY, INC.",HealthSpring,HealthSpring True Choice (PPO),Health Care Service Corporation,01/01/2020
H7849,835,Local CCP,Local PPO,Yes,No,Yes,"HEALTHSPRING LIFE & HEALTH INSURANCE COMPANY, INC.",HealthSpring,HealthSpring True Choice (PPO),Health Care Service Corporation,01/01/2020
H7849,836,Local CCP,Local PPO,No,No,Yes,"HEALTHSPRING LIFE & HEALTH INSURANCE COMPANY, INC.",HealthSpring,HealthSpring True Choice Core (PPO),Health Care Service Corporation,01/01/2020
H8145,004,PFFS,PFFS,Yes,No,No,HUMANA INSURANCE COMPANY,Humana,Humana Gold Choice H8145-004 (PFFS),Humana Inc.,01/01/2011
H8145,006,PFFS,PFFS,Yes,No,No,HUMANA INSURANCE COMPANY,Humana,Humana Gold Choice H8145-006 (PFFS),Humana Inc.,01/01/2011
H8145,032,PFFS,PFFS,Yes,No,No,HUMANA INSURANCE COMPANY,Humana,Humana Gold Choice H8145-032 (PFFS),Humana Inc.,01/01/2011
H8145,042,PFFS,PFFS,No,No,No,HUMANA INSURANCE COMPANY,Humana,Humana Gold Choice H8145-042 (PFFS),Humana Inc.,01/01/2011
H8145,052,PFFS,PFFS,Yes,No,No,HUMANA INSURANCE COMPANY,Humana,Humana Gold Choice H8145-052 (PFFS),Humana Inc.,01/01/2011
H8145,055,PFFS,PFFS,No,No,No,HUMANA INSURANCE COMPANY,Humana,Humana Gold Choice H8145-055 (PFFS),Humana Inc.,01/01/2011
H8145,069,PFFS,PFFS,Yes,No,No,HUMANA INSURANCE COMPANY,Humana,Humana Gold Choice H8145-069 (PFFS),Humana Inc.,01/01/2011
H8145,084,PFFS,PFFS,Yes,No,No,HUMANA INSURANCE COMPANY,Humana,Humana Gold Choice H8145-084 (PFFS),Humana Inc.,01/01/2011
H8145,091,PFFS,PFFS,Yes,No,No,HUMANA INSURANCE COMPANY,Humana,Humana Gold Choice H8145-091 (PFFS),Humana Inc.,01/01/2011
H8145,126,PFFS,PFFS,No,No,No,HUMANA INSURANCE COMPANY,Humana,Humana Gold Choice H8145-126 (PFFS),Humana Inc.,01/01/2011
H8145,163,PFFS,PFFS,No,No,No,HUMANA INSURANCE COMPANY,Humana,Humana Gold Choice H8145-163 (PFFS),Humana Inc.,01/01/2011
H8768,005,Local CCP,Local PPO,Yes,No,No,CARE IMPROVEMENT PLUS SOUTH CENTRAL INSURANCE CO.,UnitedHealthcare,AARP Medicare Advantage from UHC IL-0004 (PPO),"UnitedHealth Group, Inc.",01/01/2018
H8768,007,Local CCP,Local PPO,Yes,No,No,CARE IMPROVEMENT PLUS SOUTH CENTRAL INSURANCE CO.,UnitedHealthcare,AARP Medicare Advantage from UHC OH-0014 (PPO),"UnitedHealth Group, Inc.",01/01/2018
H8768,008,Local CCP,Local PPO,Yes,No,No,CARE IMPROVEMENT PLUS SOUTH CENTRAL INSURANCE CO.,UnitedHealthcare,AARP Medicare Advantage from UHC OK-0005 (PPO),"UnitedHealth Group, Inc.",01/01/2018
H8768,009,Local CCP,Local PPO,Yes,No,No,CARE IMPROVEMENT PLUS SOUTH CENTRAL INSURANCE CO.,UnitedHealthcare,AARP Medicare Advantage from UHC OK-0006 (PPO),"UnitedHealth Group, Inc.",01/01/2018
H8768,010,Local CCP,Local PPO,Yes,No,No,CARE IMPROVEMENT PLUS SOUTH CENTRAL INSURANCE CO.,UnitedHealthcare,AARP Medicare Advantage from UHC IL-5 (PPO),"UnitedHealth Group, Inc.",01/01/2018
H8768,011,Local CCP,Local PPO,Yes,No,No,CARE IMPROVEMENT PLUS SOUTH CENTRAL INSURANCE CO.,UnitedHealthcare,AARP Medicare Advantage from UHC IL-6 (PPO),"UnitedHealth Group, Inc.",01/01/2018
H8768,013,Local CCP,Local PPO,Yes,No,No,CARE IMPROVEMENT PLUS SOUTH CENTRAL INSURANCE CO.,UnitedHealthcare,AARP Medicare Advantage from UHC KY-0003 (PPO),"UnitedHealth Group, Inc.",01/01/2018
H8768,016,Local CCP,Local PPO,Yes,No,No,CARE IMPROVEMENT PLUS SOUTH CENTRAL INSURANCE CO.,UnitedHealthcare,AARP Medicare Advantage from UHC OK-0007 (PPO),"UnitedHealth Group, Inc.",01/01/2018
H8768,017,Local CCP,Local PPO,Yes,No,No,CARE IMPROVEMENT PLUS SOUTH CENTRAL INSURANCE CO.,UnitedHealthcare,AARP Medicare Advantage from UHC IA-0003 (PPO),"UnitedHealth Group, Inc.",01/01/2018
H8768,018,Local CCP,Local PPO,No,No,No,CARE IMPROVEMENT PLUS SOUTH CENTRAL INSURANCE CO.,UnitedHealthcare,AARP Medicare Advantage Patriot No Rx IA-MA01 (PPO),"UnitedHealth Group, Inc.",01/01/2018
H8768,019,Local CCP,Local PPO,No,No,No,CARE IMPROVEMENT PLUS SOUTH CENTRAL INSURANCE CO.,UnitedHealthcare,AARP Medicare Advantage Patriot No Rx IL-MA01 (PPO),"UnitedHealth Group, Inc.",01/01/2018
H8768,020,Local CCP,Local PPO,No,No,No,CARE IMPROVEMENT PLUS SOUTH CENTRAL INSURANCE CO.,UnitedHealthcare,AARP Medicare Advantage Patriot No Rx KY-MA01 (PPO),"UnitedHealth Group, Inc.",01/01/2018
H8768,021,Local CCP,Local PPO,No,No,No,CARE IMPROVEMENT PLUS SOUTH CENTRAL INSURANCE CO.,UnitedHealthcare,AARP Medicare Advantage Patriot No Rx OH-MA01 (PPO),"UnitedHealth Group, Inc.",01/01/2018
H8768,022,Local CCP,Local PPO,Yes,No,No,CARE IMPROVEMENT PLUS SOUTH CENTRAL INSURANCE CO.,UnitedHealthcare,AARP Medicare Advantage from UHC NJ-0004 (PPO),"UnitedHealth Group, Inc.",01/01/2018
H8768,023,Local CCP,Local PPO,Yes,No,No,CARE IMPROVEMENT PLUS SOUTH CENTRAL INSURANCE CO.,UnitedHealthcare,AARP Medicare Advantage Essentials from UHC KC-4 (PPO),"UnitedHealth Group, Inc.",01/01/2018
H8768,024,Local CCP,Local PPO,Yes,No,No,CARE IMPROVEMENT PLUS SOUTH CENTRAL INSURANCE CO.,UnitedHealthcare,AARP Medicare Advantage from UHC KS-0003 (PPO),"UnitedHealth Group, Inc.",01/01/2018
H8768,025,Local CCP,Local PPO,No,No,No,CARE IMPROVEMENT PLUS SOUTH CENTRAL INSURANCE CO.,UnitedHealthcare,AARP Medicare Advantage Patriot No Rx KS-MA01 (PPO),"UnitedHealth Group, Inc.",01/01/2018
H8768,026,Local CCP,Local PPO,Yes,No,No,CARE IMPROVEMENT PLUS SOUTH CENTRAL INSURANCE CO.,UnitedHealthcare,AARP Medicare Advantage from UHC MO-0008 (PPO),"UnitedHealth Group, Inc.",01/01/2018
H8768,027,Local CCP,Local PPO,Yes,No,No,CARE IMPROVEMENT PLUS SOUTH CENTRAL INSURANCE CO.,UnitedHealthcare,AARP Medicare Advantage from UHC MO-0009 (PPO),"UnitedHealth Group, Inc.",01/01/2018
H8768,028,Local CCP,Local PPO,No,No,No,CARE IMPROVEMENT PLUS SOUTH CENTRAL INSURANCE CO.,UnitedHealthcare,AARP Medicare Advantage Patriot No Rx OK-MA01 (PPO),"UnitedHealth Group, Inc.",01/01/2018
H8768,030,Local CCP,Local PPO,Yes,No,No,CARE IMPROVEMENT PLUS SOUTH CENTRAL INSURANCE CO.,UnitedHealthcare,AARP Medicare Advantage from UHC MS-0002 (PPO),"UnitedHealth Group, Inc.",01/01/2018
H8768,031,Local CCP,Local PPO,No,No,No,CARE IMPROVEMENT PLUS SOUTH CENTRAL INSURANCE CO.,UnitedHealthcare,AARP Medicare Advantage Patriot No Rx MS-MA01 (PPO),"UnitedHealth Group, Inc.",01/01/2018
H8768,034,Local CCP,Local PPO,Yes,No,No,CARE IMPROVEMENT PLUS SOUTH CENTRAL INSURANCE CO.,UnitedHealthcare,AARP Medicare Advantage from UHC MS-0003 (PPO),"UnitedHealth Group, Inc.",01/01/2018
H8768,035,Local CCP,Local PPO,Yes,No,No,CARE IMPROVEMENT PLUS SOUTH CENTRAL INSURANCE CO.,UnitedHealthcare,AARP Medicare Advantage from UHC NJ-0005 (PPO),"UnitedHealth Group, Inc.",01/01/2018
H8768,037,Local CCP,Local PPO,Yes,No,No,CARE IMPROVEMENT PLUS SOUTH CENTRAL INSURANCE CO.,UnitedHealthcare,AARP Medicare Advantage from UHC OH-0015 (PPO),"UnitedHealth Group, Inc.",01/01/2018
H8768,039,Local CCP,Local PPO,Yes,No,No,CARE IMPROVEMENT PLUS SOUTH CENTRAL INSURANCE CO.,UnitedHealthcare,AARP Medicare Advantage Extras from UHC KC-5 (PPO),"UnitedHealth Group, Inc.",01/01/2018
H8768,040,Local CCP,Local PPO,Yes,No,No,CARE IMPROVEMENT PLUS SOUTH CENTRAL INSURANCE CO.,UnitedHealthcare,AARP Medicare Advantage Giveback from UHC MS-4 (PPO),"UnitedHealth Group, Inc.",01/01/2018
H8768,045,Local CCP,Local PPO,No,No,No,CARE IMPROVEMENT PLUS SOUTH CENTRAL INSURANCE CO.,UnitedHealthcare,AARP Medicare Advantage Patriot No Rx MA-MA01 (PPO),"UnitedHealth Group, Inc.",01/01/2018
H8768,046,Local CCP,Local PPO,Yes,No,No,CARE IMPROVEMENT PLUS SOUTH CENTRAL INSURANCE CO.,UnitedHealthcare,AARP Medicare Advantage from UHC RI-0003 (PPO),"UnitedHealth Group, Inc.",01/01/2018
H8768,048,Local CCP,Local PPO,No,No,No,CARE IMPROVEMENT PLUS SOUTH CENTRAL INSURANCE CO.,UnitedHealthcare,AARP Medicare Advantage Patriot No Rx NH-MA1 (PPO),"UnitedHealth Group, Inc.",01/01/2018
H8768,055,Local CCP,Local PPO,Yes,No,No,CARE IMPROVEMENT PLUS SOUTH CENTRAL INSURANCE CO.,UnitedHealthcare,AARP Medicare Advantage from UHC MA-0006 (PPO),"UnitedHealth Group, Inc.",01/01/2018
H8768,058,Local CCP,Local PPO,Yes,No,No,CARE IMPROVEMENT PLUS SOUTH CENTRAL INSURANCE CO.,UnitedHealthcare,AARP Medicare Advantage from UHC NJ-6 (PPO),"UnitedHealth Group, Inc.",01/01/2018
H8768,059,Local CCP,Local PPO,No,No,No,CARE IMPROVEMENT PLUS SOUTH CENTRAL INSURANCE CO.,UnitedHealthcare,AARP Medicare Advantage Patriot No Rx NJ-MA2 (PPO),"UnitedHealth Group, Inc.",01/01/2018
H8768,061,Local CCP,Local PPO,Yes,No,No,CARE IMPROVEMENT PLUS SOUTH CENTRAL INSURANCE CO.,UnitedHealthcare,AARP Medicare Advantage from UHC NH-0004 (PPO),"UnitedHealth Group, Inc.",01/01/2018
H8768,062,Local CCP,Local PPO,Yes,No,No,CARE IMPROVEMENT PLUS SOUTH CENTRAL INSURANCE CO.,UnitedHealthcare,AARP Medicare Advantage from UHC NH-0003 (PPO),"UnitedHealth Group, Inc.",01/01/2018
H8768,063,Local CCP,Local PPO,Yes,No,No,CARE IMPROVEMENT PLUS SOUTH CENTRAL INSURANCE CO.,UnitedHealthcare,AARP Medicare Advantage from UHC OH-0016 (PPO),"UnitedHealth Group, Inc.",01/01/2018
H9525,003,Local CCP,HMO/HMOPOS,Yes,Yes,No,COMPCARE HEALTH SERVICES INSURANCE CORPORATION,Anthem Blue Cross and Blue Shield,Anthem Full Dual Advantage (HMO D-SNP),"Elevance Health, Inc.",01/01/2013
H9525,004,Local CCP,HMO/HMOPOS,Yes,No,No,COMPCARE HEALTH SERVICES INSURANCE CORPORATION,Anthem Blue Cross and Blue Shield,Anthem Medicare Advantage (HMO-POS),"Elevance Health, Inc.",01/01/2013
H9525,006,Local CCP,HMO/HMOPOS,Yes,No,No,COMPCARE HEALTH SERVICES INSURANCE CORPORATION,Anthem Blue Cross and Blue Shield,Anthem Medicare Advantage (HMO-POS),"Elevance Health, Inc.",01/01/2013
H9525,011,Local CCP,HMO/HMOPOS,Yes,Yes,No,COMPCARE HEALTH SERVICES INSURANCE CORPORATION,Anthem Blue Cross and Blue Shield,Anthem Kidney Care (HMO-POS C-SNP),"Elevance Health, Inc.",01/01/2013
H9525,013,Local CCP,HMO/HMOPOS,Yes,No,No,COMPCARE HEALTH SERVICES INSURANCE CORPORATION,Anthem Blue Cross and Blue Shield,Anthem Medicare Advantage (HMO-POS),"Elevance Health, Inc.",01/01/2013
H9525,018,Local CCP,HMO/HMOPOS,Yes,Yes,No,COMPCARE HEALTH SERVICES INSURANCE CORPORATION,Anthem Blue Cross and Blue Shield,Anthem Full Dual Advantage 2 (HMO D-SNP),"Elevance Health, Inc.",01/01/2013
H9525,801,Local CCP,HMO/HMOPOS,Yes,No,Yes,COMPCARE HEALTH SERVICES INSURANCE CORPORATION,Anthem Blue Cross and Blue Shield,Anthem Senior Advantage (HMO),"Elevance Health, Inc.",01/01/2013
H9525,802,Local CCP,HMO/HMOPOS,No,No,Yes,COMPCARE HEALTH SERVICES INSURANCE CORPORATION,Anthem Blue Cross and Blue Shield,Anthem Senior Advantage (HMO),"Elevance Health, Inc.",01/01/2013
H9525,803,Local CCP,HMO/HMOPOS,Yes,No,Yes,COMPCARE HEALTH SERVICES INSURANCE CORPORATION,Anthem Blue Cross and Blue Shield,Anthem Senior Advantage (HMO),"Elevance Health, Inc.",01/01/2013
H9525,804,Local CCP,HMO/HMOPOS,Yes,No,Yes,COMPCARE HEALTH SERVICES INSURANCE CORPORATION,Anthem Blue Cross and Blue Shield,Anthem Senior Advantage (HMO),"Elevance Health, Inc.",01/01/2013
H9525,805,Local CCP,HMO/HMOPOS,No,No,Yes,COMPCARE HEALTH SERVICES INSURANCE CORPORATION,Anthem Blue Cross and Blue Shield,Anthem Senior Advantage (HMO),"Elevance Health, Inc.",01/01/2013
H9525,806,Local CCP,HMO/HMOPOS,Yes,No,Yes,COMPCARE HEALTH SERVICES INSURANCE CORPORATION,Anthem Blue Cross and Blue Shield,Anthem Senior Advantage (HMO),"Elevance Health, Inc.",01/01/2013
H9525,807,Local CCP,HMO/HMOPOS,No,No,Yes,COMPCARE HEALTH SERVICES INSURANCE CORPORATION,Anthem Blue Cross and Blue Shield,Anthem Senior Advantage (HMO),"Elevance Health, Inc.",01/01/2013
H9525,809,Local CCP,HMO/HMOPOS,No,No,Yes,COMPCARE HEALTH SERVICES INSURANCE CORPORATION,Anthem Blue Cross and Blue Shield,Anthem Senior Advantage (HMO),"Elevance Health, Inc.",01/01/2013
H9525,811,Local CCP,HMO/HMOPOS,No,No,Yes,COMPCARE HEALTH SERVICES INSURANCE CORPORATION,Anthem Blue Cross and Blue Shield,Anthem Senior Advantage (HMO),"Elevance Health, Inc.",01/01/2013
H9525,813,Local CCP,HMO/HMOPOS,No,No,Yes,COMPCARE HEALTH SERVICES INSURANCE CORPORATION,Anthem Blue Cross and Blue Shield,Anthem Senior Advantage (HMO),"Elevance Health, Inc.",01/01/2013
H9525,815,Local CCP,HMO/HMOPOS,No,No,Yes,COMPCARE HEALTH SERVICES INSURANCE CORPORATION,Anthem Blue Cross and Blue Shield,Anthem Senior Advantage (HMO),"Elevance Health, Inc.",01/01/2013
H9525,816,Local CCP,HMO/HMOPOS,No,No,Yes,COMPCARE HEALTH SERVICES INSURANCE CORPORATION,Anthem Blue Cross and Blue Shield,Anthem Senior Advantage (HMO),"Elevance Health, Inc.",01/01/2013
H9730,003,Local CCP,HMO/HMOPOS,Yes,Yes,No,"WELLCARE HEALTH INSURANCE COMPANY OF KENTUCKY, INC",Wellcare,Wellcare Dual Access Sync (HMO-POS D-SNP),Centene Corporation,01/01/2013
H9730,004,Local CCP,HMO/HMOPOS,Yes,Yes,No,"WELLCARE HEALTH INSURANCE COMPANY OF KENTUCKY, INC",Wellcare,Wellcare Dual Liberty Sync (HMO-POS D-SNP),Centene Corporation,01/01/2013
H9730,007,Local CCP,HMO/HMOPOS,Yes,No,No,"WELLCARE HEALTH INSURANCE COMPANY OF KENTUCKY, INC",Wellcare,Wellcare Giveback (HMO-POS),Centene Corporation,01/01/2013
H9730,009,Local CCP,HMO/HMOPOS,Yes,No,No,"WELLCARE HEALTH INSURANCE COMPANY OF KENTUCKY, INC",Wellcare,Wellcare Simple (HMO-POS),Centene Corporation,01/01/2013
H9730,010,Local CCP,HMO/HMOPOS,Yes,No,No,"WELLCARE HEALTH INSURANCE COMPANY OF KENTUCKY, INC",Wellcare,Wellcare Assist (HMO-POS),Centene Corporation,01/01/2013
H9730,011,Local CCP,HMO/HMOPOS,Yes,Yes,No,"WELLCARE HEALTH INSURANCE COMPANY OF KENTUCKY, INC",Wellcare,Wellcare Dual Reserve (HMO-POS D-SNP),Centene Corporation,01/01/2013
R0110,001,Regional CCP,Regional PPO,No,No,No,HUMANA INSURANCE COMPANY,Humana,HumanaChoice R0110-001 (Regional PPO),Humana Inc.,01/01/2018
R0110,003,Regional CCP,Regional PPO,Yes,No,No,HUMANA INSURANCE COMPANY,Humana,Humana Full Access R0110-003 (Regional PPO),Humana Inc.,01/01/2018
R0110,004,Regional CCP,Regional PPO,No,No,No,HUMANA INSURANCE COMPANY,Humana,HumanaChoice R0110-004 (Regional PPO),Humana Inc.,01/01/2018
R0110,005,Regional CCP,Regional PPO,Yes,No,No,HUMANA INSURANCE COMPANY,Humana,Humana Full Access R0110-005 (Regional PPO),Humana Inc.,01/01/2018
R0110,006,Regional CCP,Regional PPO,No,No,No,HUMANA INSURANCE COMPANY,Humana,Humana USAA Honor Giveback (Regional PPO),Humana Inc.,01/01/2018
R0110,007,Regional CCP,Regional PPO,No,No,No,HUMANA INSURANCE COMPANY,Humana,HumanaChoice R0110-007 (Regional PPO),Humana Inc.,01/01/2018
R0110,008,Regional CCP,Regional PPO,Yes,No,No,HUMANA INSURANCE COMPANY,Humana,HumanaChoice R0110-008 (Regional PPO),Humana Inc.,01/01/2018
R0110,011,Regional CCP,Regional PPO,No,No,No,HUMANA INSURANCE COMPANY,Humana,HumanaChoice R0110-011 (Regional PPO),Humana Inc.,01/01/2018
R0110,012,Regional CCP,Regional PPO,Yes,No,No,HUMANA INSURANCE COMPANY,Humana,HumanaChoice R0110-012 (Regional PPO),Humana Inc.,01/01/2018
R0110,013,Regional CCP,Regional PPO,No,No,No,HUMANA INSURANCE COMPANY,Humana,HumanaChoice R0110-013 (Regional PPO),Humana Inc.,01/01/2018
R0110,014,Regional CCP,Regional PPO,Yes,No,No,HUMANA INSURANCE COMPANY,Humana,Humana Full Access R0110-014 (Regional PPO),Humana Inc.,01/01/2018
R0110,015,Regional CCP,Regional PPO,No,No,No,HUMANA INSURANCE COMPANY,Humana,HumanaChoice R0110-015 (Regional PPO),Humana Inc.,01/01/2018
R0110,016,Regional CCP,Regional PPO,Yes,No,No,HUMANA INSURANCE COMPANY,Humana,HumanaChoice R0110-016 (Regional PPO),Humana Inc.,01/01/2018
R0110,017,Regional CCP,Regional PPO,No,No,No,HUMANA INSURANCE COMPANY,Humana,HumanaChoice R0110-017 (Regional PPO),Humana Inc.,01/01/2018
R0110,018,Regional CCP,Regional PPO,Yes,No,No,HUMANA INSURANCE COMPANY,Humana,HumanaChoice R0110-018 (Regional PPO),Humana Inc.,01/01/2018
R0110,019,Regional CCP,Regional PPO,No,No,No,HUMANA INSURANCE COMPANY,Humana,HumanaChoice R0110-019 (Regional PPO),Humana Inc.,01/01/2018
R0110,020,Regional CCP,Regional PPO,Yes,No,No,HUMANA INSURANCE COMPANY,Humana,Humana Full Access R0110-020 (Regional PPO),Humana Inc.,01/01/2018
R0110,801,Regional CCP,Regional PPO,Yes,No,Yes,HUMANA INSURANCE COMPANY,Humana,Humana Medicare Employer (Regional PPO),Humana Inc.,01/01/2018
R0110,802,Regional CCP,Regional PPO,No,No,Yes,HUMANA INSURANCE COMPANY,Humana,Humana Medicare Employer (Regional PPO),Humana Inc.,01/01/2018
R0110,804,Regional CCP,Regional PPO,Yes,No,Yes,HUMANA INSURANCE COMPANY,Humana,Humana Medicare Employer (Regional PPO),Humana Inc.,01/01/2018
R0110,805,Regional CCP,Regional PPO,No,No,Yes,HUMANA INSURANCE COMPANY,Humana,Humana Medicare Employer (Regional PPO),Humana Inc.,01/01/2018
R0110,806,Regional CCP,Regional PPO,Yes,No,Yes,HUMANA INSURANCE COMPANY,Humana,Humana Medicare Employer (Regional PPO),Humana Inc.,01/01/2018
R0110,807,Regional CCP,Regional PPO,No,No,Yes,HUMANA INSURANCE COMPANY,Humana,Humana Medicare Employer (Regional PPO),Humana Inc.,01/01/2018
R0110,808,Regional CCP,Regional PPO,Yes,No,Yes,HUMANA INSURANCE COMPANY,Humana,Humana Medicare Employer (Regional PPO),Humana Inc.,01/01/2018
R0110,809,Regional CCP,Regional PPO,No,No,Yes,HUMANA INSURANCE COMPANY,Humana,Humana Medicare Employer (Regional PPO),Humana Inc.,01/01/2018
R0110,810,Regional CCP,Regional PPO,Yes,No,Yes,HUMANA INSURANCE COMPANY,Humana,Humana Medicare Employer (Regional PPO),Humana Inc.,01/01/2018
R0110,811,Regional CCP,Regional PPO,No,No,Yes,HUMANA INSURANCE COMPANY,Humana,Humana Medicare Employer (Regional PPO),Humana Inc.,01/01/2018
R0110,812,Regional CCP,Regional PPO,Yes,No,Yes,HUMANA INSURANCE COMPANY,Humana,Humana Medicare Employer (Regional PPO),Humana Inc.,01/01/2018
R0110,813,Regional CCP,Regional PPO,No,No,Yes,HUMANA INSURANCE COMPANY,Humana,Humana Medicare Employer (Regional PPO),Humana Inc.,01/01/2018
R0110,814,Regional CCP,Regional PPO,Yes,No,Yes,HUMANA INSURANCE COMPANY,Humana,Humana Medicare Employer (Regional PPO),Humana Inc.,01/01/2018
R0110,815,Regional CCP,Regional PPO,No,No,Yes,HUMANA INSURANCE COMPANY,Humana,Humana Medicare Employer (Regional PPO),Humana Inc.,01/01/2018
R0110,816,Regional CCP,Regional PPO,Yes,No,Yes,HUMANA INSURANCE COMPANY,Humana,Humana Medicare Employer (Regional PPO),Humana Inc.,01/01/2018
R0110,817,Regional CCP,Regional PPO,No,No,Yes,HUMANA INSURANCE COMPANY,Humana,Humana Medicare Employer (Regional PPO),Humana Inc.,01/01/2018
R5941,013,Regional CCP,Regional PPO,No,No,No,"ANTHEM INSURANCE COMPANIES, INC.",Anthem Blue Cross and Blue Shield,Anthem Veteran (Regional PPO),"Elevance Health, Inc.",01/01/2006
R5941,014,Regional CCP,Regional PPO,Yes,No,No,"ANTHEM INSURANCE COMPANIES, INC.",Anthem Blue Cross and Blue Shield,Anthem Medicare Advantage (Regional PPO),"Elevance Health, Inc.",01/01/2006
R5941,016,Regional CCP,Regional PPO,Yes,No,No,"ANTHEM INSURANCE COMPANIES, INC.",Anthem Blue Cross and Blue Shield,Anthem Medicare Advantage (Regional PPO),"Elevance Health, Inc.",01/01/2006
S4802,012,Medicare Prescription Drug Plan,Medicare Prescription Drug Plan,Yes,No,No,"WELLCARE PRESCRIPTION INSURANCE, INC.",Wellcare,Wellcare Classic (PDP),Centene Corporation,01/01/2006
S4802,013,Medicare Prescription Drug Plan,Medicare Prescription Drug Plan,Yes,No,No,"WELLCARE PRESCRIPTION INSURANCE, INC.",Wellcare,Wellcare Classic (PDP),Centene Corporation,01/01/2006
S4802,014,Medicare Prescription Drug Plan,Medicare Prescription Drug Plan,Yes,No,No,"WELLCARE PRESCRIPTION INSURANCE, INC.",Wellcare,Wellcare Classic (PDP),Centene Corporation,01/01/2006
S4802,020,Medicare Prescription Drug Plan,Medicare Prescription Drug Plan,Yes,No,No,"WELLCARE PRESCRIPTION INSURANCE, INC.",Wellcare,Wellcare Classic (PDP),Centene Corporation,01/01/2006
S4802,021,Medicare Prescription Drug Plan,Medicare Prescription Drug Plan,Yes,No,No,"WELLCARE PRESCRIPTION INSURANCE, INC.",Wellcare,Wellcare Classic (PDP),Centene Corporation,01/01/2006
S4802,069,Medicare Prescription Drug Plan,Medicare Prescription Drug Plan,Yes,No,No,"WELLCARE PRESCRIPTION INSURANCE, INC.",Wellcare,Wellcare Classic (PDP),Centene Corporation,01/01/2006
S4802,070,Medicare Prescription Drug Plan,Medicare Prescription Drug Plan,Yes,No,No,"WELLCARE PRESCRIPTION INSURANCE, INC.",Wellcare,Wellcare Classic (PDP),Centene Corporation,01/01/2006
S4802,071,Medicare Prescription Drug Plan,Medicare Prescription Drug Plan,Yes,No,No,"WELLCARE PRESCRIPTION INSURANCE, INC.",Wellcare,Wellcare Classic (PDP),Centene Corporation,01/01/2006
S4802,072,Medicare Prescription Drug Plan,Medicare Prescription Drug Plan,Yes,No,No,"WELLCARE PRESCRIPTION INSURANCE, INC.",Wellcare,Wellcare Classic (PDP),Centene Corporation,01/01/2006
S4802,073,Medicare Prescription Drug Plan,Medicare Prescription Drug Plan,Yes,No,No,"WELLCARE PRESCRIPTION INSURANCE, INC.",Wellcare,Wellcare Classic (PDP),Centene Corporation,01/01/2006
S4802,074,Medicare Prescription Drug Plan,Medicare Prescription Drug Plan,Yes,No,No,"WELLCARE PRESCRIPTION INSURANCE, INC.",Wellcare,Wellcare Classic (PDP),Centene Corporation,01/01/2006
S4802,075,Medicare Prescription Drug Plan,Medicare Prescription Drug Plan,Yes,No,No,"WELLCARE PRESCRIPTION INSURANCE, INC.",Wellcare,Wellcare Classic (PDP),Centene Corporation,01/01/2006
S4802,076,Medicare Prescription Drug Plan,Medicare Prescription Drug Plan,Yes,No,No,"WELLCARE PRESCRIPTION INSURANCE, INC.",Wellcare,Wellcare Classic (PDP),Centene Corporation,01/01/2006
S4802,077,Medicare Prescription Drug Plan,Medicare Prescription Drug Plan,Yes,No,No,"WELLCARE PRESCRIPTION INSURANCE, INC.",Wellcare,Wellcare Classic (PDP),Centene Corporation,01/01/2006
S4802,078,Medicare Prescription Drug Plan,Medicare Prescription Drug Plan,Yes,No,No,"WELLCARE PRESCRIPTION INSURANCE, INC.",Wellcare,Wellcare Classic (PDP),Centene Corporation,01/01/2006
S4802,079,Medicare Prescription Drug Plan,Medicare Prescription Drug Plan,Yes,No,No,"WELLCARE PRESCRIPTION INSURANCE, INC.",Wellcare,Wellcare Classic (PDP),Centene Corporation,01/01/2006
S4802,080,Medicare Prescription Drug Plan,Medicare Prescription Drug Plan,Yes,No,No,"WELLCARE PRESCRIPTION INSURANCE, INC.",Wellcare,Wellcare Classic (PDP),Centene Corporation,01/01/2006
S4802,081,Medicare Prescription Drug Plan,Medicare Prescription Drug Plan,Yes,No,No,"WELLCARE PRESCRIPTION INSURANCE, INC.",Wellcare,Wellcare Classic (PDP),Centene Corporation,01/01/2006
S4802,082,Medicare Prescription Drug Plan,Medicare Prescription Drug Plan,Yes,No,No,"WELLCARE PRESCRIPTION INSURANCE, INC.",Wellcare,Wellcare Classic (PDP),Centene Corporation,01/01/2006
S4802,083,Medicare Prescription Drug Plan,Medicare Prescription Drug Plan,Yes,No,No,"WELLCARE PRESCRIPTION INSURANCE, INC.",Wellcare,Wellcare Classic (PDP),Centene Corporation,01/01/2006
S4802,084,Medicare Prescription Drug Plan,Medicare Prescription Drug Plan,Yes,No,No,"WELLCARE PRESCRIPTION INSURANCE, INC.",Wellcare,Wellcare Classic (PDP),Centene Corporation,01/01/2006
S4802,085,Medicare Prescription Drug Plan,Medicare Prescription Drug Plan,Yes,No,No,"WELLCARE PRESCRIPTION INSURANCE, INC.",Wellcare,Wellcare Classic (PDP),Centene Corporation,01/01/2006
S4802,086,Medicare Prescription Drug Plan,Medicare Prescription Drug Plan,Yes,No,No,"WELLCARE PRESCRIPTION INSURANCE, INC.",Wellcare,Wellcare Classic (PDP),Centene Corporation,01/01/2006
S4802,087,Medicare Prescription Drug Plan,Medicare Prescription Drug Plan,Yes,No,No,"WELLCARE PRESCRIPTION INSURANCE, INC.",Wellcare,Wellcare Classic (PDP),Centene Corporation,01/01/2006
S4802,088,Medicare Prescription Drug Plan,Medicare Prescription Drug Plan,Yes,No,No,"WELLCARE PRESCRIPTION INSURANCE, INC.",Wellcare,Wellcare Classic (PDP),Centene Corporation,01/01/2006
S4802,089,Medicare Prescription Drug Plan,Medicare Prescription Drug Plan,Yes,No,No,"WELLCARE PRESCRIPTION INSURANCE, INC.",Wellcare,Wellcare Classic (PDP),Centene Corporation,01/01/2006
S4802,090,Medicare Prescription Drug Plan,Medicare Prescription Drug Plan,Yes,No,No,"WELLCARE PRESCRIPTION INSURANCE, INC.",Wellcare,Wellcare Classic (PDP),Centene Corporation,01/01/2006
S4802,091,Medicare Prescription Drug Plan,Medicare Prescription Drug Plan,Yes,No,No,"WELLCARE PRESCRIPTION INSURANCE, INC.",Wellcare,Wellcare Classic (PDP),Centene Corporation,01/01/2006
S4802,092,Medicare Prescription Drug Plan,Medicare Prescription Drug Plan,Yes,No,No,"WELLCARE PRESCRIPTION INSURANCE, INC.",Wellcare,Wellcare Classic (PDP),Centene Corporation,01/01/2006
S4802,093,Medicare Prescription Drug Plan,Medicare Prescription Drug Plan,Yes,No,No,"WELLCARE PRESCRIPTION INSURANCE, INC.",Wellcare,Wellcare Classic (PDP),Centene Corporation,01/01/2006
S4802,094,Medicare Prescription Drug Plan,Medicare Prescription Drug Plan,Yes,No,No,"WELLCARE PRESCRIPTION INSURANCE, INC.",Wellcare,Wellcare Classic (PDP),Centene Corporation,01/01/2006
S4802,095,Medicare Prescription Drug Plan,Medicare Prescription Drug Plan,Yes,No,No,"WELLCARE PRESCRIPTION INSURANCE, INC.",Wellcare,Wellcare Classic (PDP),Centene Corporation,01/01/2006
S4802,096,Medicare Prescription Drug Plan,Medicare Prescription Drug Plan,Yes,No,No,"WELLCARE PRESCRIPTION INSURANCE, INC.",Wellcare,Wellcare Classic (PDP),Centene Corporation,01/01/2006
S4802,097,Medicare Prescription Drug Plan,Medicare Prescription Drug Plan,Yes,No,No,"WELLCARE PRESCRIPTION INSURANCE, INC.",Wellcare,Wellcare Classic (PDP),Centene Corporation,01/01/2006
S4802,132,Medicare Prescription Drug Plan,Medicare Prescription Drug Plan,Yes,No,No,"WELLCARE PRESCRIPTION INSURANCE, INC.",Wellcare,Wellcare Value Script (PDP),Centene Corporation,01/01/2006
S4802,133,Medicare Prescription Drug Plan,Medicare Prescription Drug Plan,Yes,No,No,"WELLCARE PRESCRIPTION INSURANCE, INC.",Wellcare,Wellcare Value Script (PDP),Centene Corporation,01/01/2006
S4802,134,Medicare Prescription Drug Plan,Medicare Prescription Drug Plan,Yes,No,No,"WELLCARE PRESCRIPTION INSURANCE, INC.",Wellcare,Wellcare Value Script (PDP),Centene Corporation,01/01/2006
S4802,135,Medicare Prescription Drug Plan,Medicare Prescription Drug Plan,Yes,No,No,"WELLCARE PRESCRIPTION INSURANCE, INC.",Wellcare,Wellcare Value Script (PDP),Centene Corporation,01/01/2006
S4802,136,Medicare Prescription Drug Plan,Medicare Prescription Drug Plan,Yes,No,No,"WELLCARE PRESCRIPTION INSURANCE, INC.",Wellcare,Wellcare Value Script (PDP),Centene Corporation,01/01/2006
S4802,137,Medicare Prescription Drug Plan,Medicare Prescription Drug Plan,Yes,No,No,"WELLCARE PRESCRIPTION INSURANCE, INC.",Wellcare,Wellcare Value Script (PDP),Centene Corporation,01/01/2006
S4802,138,Medicare Prescription Drug Plan,Medicare Prescription Drug Plan,Yes,No,No,"WELLCARE PRESCRIPTION INSURANCE, INC.",Wellcare,Wellcare Value Script (PDP),Centene Corporation,01/01/2006
S4802,139,Medicare Prescription Drug Plan,Medicare Prescription Drug Plan,Yes,No,No,"WELLCARE PRESCRIPTION INSURANCE, INC.",Wellcare,Wellcare Value Script (PDP),Centene Corporation,01/01/2006
S4802,140,Medicare Prescription Drug Plan,Medicare Prescription Drug Plan,Yes,No,No,"WELLCARE PRESCRIPTION INSURANCE, INC.",Wellcare,Wellcare Value Script (PDP),Centene Corporation,01/01/2006
S4802,141,Medicare Prescription Drug Plan,Medicare Prescription Drug Plan,Yes,No,No,"WELLCARE PRESCRIPTION INSURANCE, INC.",Wellcare,Wellcare Value Script (PDP),Centene Corporation,01/01/2006
S4802,142,Medicare Prescription Drug Plan,Medicare Prescription Drug Plan,Yes,No,No,"WELLCARE PRESCRIPTION INSURANCE, INC.",Wellcare,Wellcare Value Script (PDP),Centene Corporation,01/01/2006
S4802,143,Medicare Prescription Drug Plan,Medicare Prescription Drug Plan,Yes,No,No,"WELLCARE PRESCRIPTION INSURANCE, INC.",Wellcare,Wellcare Value Script (PDP),Centene Corporation,01/01/2006
S4802,144,Medicare Prescription Drug Plan,Medicare Prescription Drug Plan,Yes,No,No,"WELLCARE PRESCRIPTION INSURANCE, INC.",Wellcare,Wellcare Value Script (PDP),Centene Corporation,01/01/2006
S4802,145,Medicare Prescription Drug Plan,Medicare Prescription Drug Plan,Yes,No,No,"WELLCARE PRESCRIPTION INSURANCE, INC.",Wellcare,Wellcare Value Script (PDP),Centene Corporation,01/01/2006
S4802,146,Medicare Prescription Drug Plan,Medicare Prescription Drug Plan,Yes,No,No,"WELLCARE PRESCRIPTION INSURANCE, INC.",Wellcare,Wellcare Value Script (PDP),Centene Corporation,01/01/2006
S4802,147,Medicare Prescription Drug Plan,Medicare Prescription Drug Plan,Yes,No,No,"WELLCARE PRESCRIPTION INSURANCE, INC.",Wellcare,Wellcare Value Script (PDP),Centene Corporation,01/01/2006
S4802,148,Medicare Prescription Drug Plan,Medicare Prescription Drug Plan,Yes,No,No,"WELLCARE PRESCRIPTION INSURANCE, INC.",Wellcare,Wellcare Value Script (PDP),Centene Corporation,01/01/2006
S4802,149,Medicare Prescription Drug Plan,Medicare Prescription Drug Plan,Yes,No,No,"WELLCARE PRESCRIPTION INSURANCE, INC.",Wellcare,Wellcare Value Script (PDP),Centene Corporation,01/01/2006
S4802,150,Medicare Prescription Drug Plan,Medicare Prescription Drug Plan,Yes,No,No,"WELLCARE PRESCRIPTION INSURANCE, INC.",Wellcare,Wellcare Value Script (PDP),Centene Corporation,01/01/2006
S4802,151,Medicare Prescription Drug Plan,Medicare Prescription Drug Plan,Yes,No,No,"WELLCARE PRESCRIPTION INSURANCE, INC.",Wellcare,Wellcare Value Script (PDP),Centene Corporation,01/01/2006
S4802,152,Medicare Prescription Drug Plan,Medicare Prescription Drug Plan,Yes,No,No,"WELLCARE PRESCRIPTION INSURANCE, INC.",Wellcare,Wellcare Value Script (PDP),Centene Corporation,01/01/2006
S4802,153,Medicare Prescription Drug Plan,Medicare Prescription Drug Plan,Yes,No,No,"WELLCARE PRESCRIPTION INSURANCE, INC.",Wellcare,Wellcare Value Script (PDP),Centene Corporation,01/01/2006
S4802,154,Medicare Prescription Drug Plan,Medicare Prescription Drug Plan,Yes,No,No,"WELLCARE PRESCRIPTION INSURANCE, INC.",Wellcare,Wellcare Value Script (PDP),Centene Corporation,01/01/2006
S4802,155,Medicare Prescription Drug Plan,Medicare Prescription Drug Plan,Yes,No,No,"WELLCARE PRESCRIPTION INSURANCE, INC.",Wellcare,Wellcare Value Script (PDP),Centene Corporation,01/01/2006
S4802,156,Medicare Prescription Drug Plan,Medicare Prescription Drug Plan,Yes,No,No,"WELLCARE PRESCRIPTION INSURANCE, INC.",Wellcare,Wellcare Value Script (PDP),Centene Corporation,01/01/2006
S4802,157,Medicare Prescription Drug Plan,Medicare Prescription Drug Plan,Yes,No,No,"WELLCARE PRESCRIPTION INSURANCE, INC.",Wellcare,Wellcare Value Script (PDP),Centene Corporation,01/01/2006
S4802,158,Medicare Prescription Drug Plan,Medicare Prescription Drug Plan,Yes,No,No,"WELLCARE PRESCRIPTION INSURANCE, INC.",Wellcare,Wellcare Value Script (PDP),Centene Corporation,01/01/2006
S4802,159,Medicare Prescription Drug Plan,Medicare Prescription Drug Plan,Yes,No,No,"WELLCARE PRESCRIPTION INSURANCE, INC.",Wellcare,Wellcare Value Script (PDP),Centene Corporation,01/01/2006
S4802,160,Medicare Prescription Drug Plan,Medicare Prescription Drug Plan,Yes,No,No,"WELLCARE PRESCRIPTION INSURANCE, INC.",Wellcare,Wellcare Value Script (PDP),Centene Corporation,01/01/2006
S4802,161,Medicare Prescription Drug Plan,Medicare Prescription Drug Plan,Yes,No,No,"WELLCARE PRESCRIPTION INSURANCE, INC.",Wellcare,Wellcare Value Script (PDP),Centene Corporation,01/01/2006
S4802,162,Medicare Prescription Drug Plan,Medicare Prescription Drug Plan,Yes,No,No,"WELLCARE PRESCRIPTION INSURANCE, INC.",Wellcare,Wellcare Value Script (PDP),Centene Corporation,01/01/2006
S4802,163,Medicare Prescription Drug Plan,Medicare Prescription Drug Plan,Yes,No,No,"WELLCARE PRESCRIPTION INSURANCE, INC.",Wellcare,Wellcare Value Script (PDP),Centene Corporation,01/01/2006
S4802,164,Medicare Prescription Drug Plan,Medicare Prescription Drug Plan,Yes,No,No,"WELLCARE PRESCRIPTION INSURANCE, INC.",Wellcare,Wellcare Value Script (PDP),Centene Corporation,01/01/2006
S4802,165,Medicare Prescription Drug Plan,Medicare Prescription Drug Plan,Yes,No,No,"WELLCARE PRESCRIPTION INSURANCE, INC.",Wellcare,Wellcare Value Script (PDP),Centene Corporation,01/01/2006
S5601,002,Medicare Prescription Drug Plan,Medicare Prescription Drug Plan,Yes,No,No,SILVERSCRIPT INSURANCE COMPANY,Aetna Medicare,SilverScript Choice (PDP),CVS Health Corporation,01/01/2006
S5601,004,Medicare Prescription Drug Plan,Medicare Prescription Drug Plan,Yes,No,No,SILVERSCRIPT INSURANCE COMPANY,Aetna Medicare,SilverScript Choice (PDP),CVS Health Corporation,01/01/2006
S5601,006,Medicare Prescription Drug Plan,Medicare Prescription Drug Plan,Yes,No,No,SILVERSCRIPT INSURANCE COMPANY,Aetna Medicare,SilverScript Choice (PDP),CVS Health Corporation,01/01/2006
S5601,008,Medicare Prescription Drug Plan,Medicare Prescription Drug Plan,Yes,No,No,SILVERSCRIPT INSURANCE COMPANY,Aetna Medicare,SilverScript Choice (PDP),CVS Health Corporation,01/01/2006
S5601,010,Medicare Prescription Drug Plan,Medicare Prescription Drug Plan,Yes,No,No,SILVERSCRIPT INSURANCE COMPANY,Aetna Medicare,SilverScript Choice (PDP),CVS Health Corporation,01/01/2006
S5601,012,Medicare Prescription Drug Plan,Medicare Prescription Drug Plan,Yes,No,No,SILVERSCRIPT INSURANCE COMPANY,Aetna Medicare,SilverScript Choice (PDP),CVS Health Corporation,01/01/2006
S5601,014,Medicare Prescription Drug Plan,Medicare Prescription Drug Plan,Yes,No,No,SILVERSCRIPT INSURANCE COMPANY,Aetna Medicare,SilverScript Choice (PDP),CVS Health Corporation,01/01/2006
S5601,016,Medicare Prescription Drug Plan,Medicare Prescription Drug Plan,Yes,No,No,SILVERSCRIPT INSURANCE COMPANY,Aetna Medicare,SilverScript Choice (PDP),CVS Health Corporation,01/01/2006
S5601,018,Medicare Prescription Drug Plan,Medicare Prescription Drug Plan,Yes,No,No,SILVERSCRIPT INSURANCE COMPANY,Aetna Medicare,SilverScript Choice (PDP),CVS Health Corporation,01/01/2006
S5601,020,Medicare Prescription Drug Plan,Medicare Prescription Drug Plan,Yes,No,No,SILVERSCRIPT INSURANCE COMPANY,Aetna Medicare,SilverScript Choice (PDP),CVS Health Corporation,01/01/2006
S5601,022,Medicare Prescription Drug Plan,Medicare Prescription Drug Plan,Yes,No,No,SILVERSCRIPT INSURANCE COMPANY,Aetna Medicare,SilverScript Choice (PDP),CVS Health Corporation,01/01/2006
S5601,024,Medicare Prescription Drug Plan,Medicare Prescription Drug Plan,Yes,No,No,SILVERSCRIPT INSURANCE COMPANY,Aetna Medicare,SilverScript Choice (PDP),CVS Health Corporation,01/01/2006
S5601,026,Medicare Prescription Drug Plan,Medicare Prescription Drug Plan,Yes,No,No,SILVERSCRIPT INSURANCE COMPANY,Aetna Medicare,SilverScript Choice (PDP),CVS Health Corporation,01/01/2006
S5601,028,Medicare Prescription Drug Plan,Medicare Prescription Drug Plan,Yes,No,No,SILVERSCRIPT INSURANCE COMPANY,Aetna Medicare,SilverScript Choice (PDP),CVS Health Corporation,01/01/2006
S5601,030,Medicare Prescription Drug Plan,Medicare Prescription Drug Plan,Yes,No,No,SILVERSCRIPT INSURANCE COMPANY,Aetna Medicare,SilverScript Choice (PDP),CVS Health Corporation,01/01/2006
S5601,032,Medicare Prescription Drug Plan,Medicare Prescription Drug Plan,Yes,No,No,SILVERSCRIPT INSURANCE COMPANY,Aetna Medicare,SilverScript Choice (PDP),CVS Health Corporation,01/01/2006
S5601,034,Medicare Prescription Drug Plan,Medicare Prescription Drug Plan,Yes,No,No,SILVERSCRIPT INSURANCE COMPANY,Aetna Medicare,SilverScript Choice (PDP),CVS Health Corporation,01/01/2006
S5601,036,Medicare Prescription Drug Plan,Medicare Prescription Drug Plan,Yes,No,No,SILVERSCRIPT INSURANCE COMPANY,Aetna Medicare,SilverScript Choice (PDP),CVS Health Corporation,01/01/2006
S5601,038,Medicare Prescription Drug Plan,Medicare Prescription Drug Plan,Yes,No,No,SILVERSCRIPT INSURANCE COMPANY,Aetna Medicare,SilverScript Choice (PDP),CVS Health Corporation,01/01/2006
S5601,040,Medicare Prescription Drug Plan,Medicare Prescription Drug Plan,Yes,No,No,SILVERSCRIPT INSURANCE COMPANY,Aetna Medicare,SilverScript Choice (PDP),CVS Health Corporation,01/01/2006
S5601,042,Medicare Prescription Drug Plan,Medicare Prescription Drug Plan,Yes,No,No,SILVERSCRIPT INSURANCE COMPANY,Aetna Medicare,SilverScript Choice (PDP),CVS Health Corporation,01/01/2006
S5601,044,Medicare Prescription Drug Plan,Medicare Prescription Drug Plan,Yes,No,No,SILVERSCRIPT INSURANCE COMPANY,Aetna Medicare,SilverScript Choice (PDP),CVS Health Corporation,01/01/2006
S5601,048,Medicare Prescription Drug Plan,Medicare Prescription Drug Plan,Yes,No,No,SILVERSCRIPT INSURANCE COMPANY,Aetna Medicare,SilverScript Choice (PDP),CVS Health Corporation,01/01/2006
S5601,050,Medicare Prescription Drug Plan,Medicare Prescription Drug Plan,Yes,No,No,SILVERSCRIPT INSURANCE COMPANY,Aetna Medicare,SilverScript Choice (PDP),CVS Health Corporation,01/01/2006
S5601,052,Medicare Prescription Drug Plan,Medicare Prescription Drug Plan,Yes,No,No,SILVERSCRIPT INSURANCE COMPANY,Aetna Medicare,SilverScript Choice (PDP),CVS Health Corporation,01/01/2006
S5601,054,Medicare Prescription Drug Plan,Medicare Prescription Drug Plan,Yes,No,No,SILVERSCRIPT INSURANCE COMPANY,Aetna Medicare,SilverScript Choice (PDP),CVS Health Corporation,01/01/2006
S5601,056,Medicare Prescription Drug Plan,Medicare Prescription Drug Plan,Yes,No,No,SILVERSCRIPT INSURANCE COMPANY,Aetna Medicare,SilverScript Choice (PDP),CVS Health Corporation,01/01/2006
S5601,058,Medicare Prescription Drug Plan,Medicare Prescription Drug Plan,Yes,No,No,SILVERSCRIPT INSURANCE COMPANY,Aetna Medicare,SilverScript Choice (PDP),CVS Health Corporation,01/01/2006
S5601,060,Medicare Prescription Drug Plan,Medicare Prescription Drug Plan,Yes,No,No,SILVERSCRIPT INSURANCE COMPANY,Aetna Medicare,SilverScript Choice (PDP),CVS Health Corporation,01/01/2006
S5601,062,Medicare Prescription Drug Plan,Medicare Prescription Drug Plan,Yes,No,No,SILVERSCRIPT INSURANCE COMPANY,Aetna Medicare,SilverScript Choice (PDP),CVS Health Corporation,01/01/2006
S5601,064,Medicare Prescription Drug Plan,Medicare Prescription Drug Plan,Yes,No,No,SILVERSCRIPT INSURANCE COMPANY,Aetna Medicare,SilverScript Choice (PDP),CVS Health Corporation,01/01/2006
S5601,066,Medicare Prescription Drug Plan,Medicare Prescription Drug Plan,Yes,No,No,SILVERSCRIPT INSURANCE COMPANY,Aetna Medicare,SilverScript Choice (PDP),CVS Health Corporation,01/01/2006
S5601,068,Medicare Prescription Drug Plan,Medicare Prescription Drug Plan,Yes,No,No,SILVERSCRIPT INSURANCE COMPANY,Aetna Medicare,SilverScript Choice (PDP),CVS Health Corporation,01/01/2006
S5601,801,Medicare Prescription Drug Plan,Medicare Prescription Drug Plan,Yes,No,Yes,SILVERSCRIPT INSURANCE COMPANY,Aetna Medicare,SilverScript Group (PDP),CVS Health Corporation,01/01/2006
S5601,802,Medicare Prescription Drug Plan,Medicare Prescription Drug Plan,Yes,No,Yes,SILVERSCRIPT INSURANCE COMPANY,Aetna Medicare,SilverScript Group (PDP),CVS Health Corporation,01/01/2006
S5601,803,Medicare Prescription Drug Plan,Medicare Prescription Drug Plan,Yes,No,Yes,SILVERSCRIPT INSURANCE COMPANY,Aetna Medicare,SilverScript Group FI AET (PDP),CVS Health Corporation,01/01/2006
S5601,804,Medicare Prescription Drug Plan,Medicare Prescription Drug Plan,Yes,No,Yes,SILVERSCRIPT INSURANCE COMPANY,Aetna Medicare,SilverScript Group FI (PDP),CVS Health Corporation,01/01/2006
S5601,805,Medicare Prescription Drug Plan,Medicare Prescription Drug Plan,Yes,No,Yes,SILVERSCRIPT INSURANCE COMPANY,Aetna Medicare,SilverScript Group SF (PDP),CVS Health Corporation,01/01/2006
S5601,806,Medicare Prescription Drug Plan,Medicare Prescription Drug Plan,Yes,No,Yes,SILVERSCRIPT INSURANCE COMPANY,Aetna Medicare,SilverScript Group SF AET (PDP),CVS Health Corporation,01/01/2006
S5601,807,Medicare Prescription Drug Plan,Medicare Prescription Drug Plan,Yes,No,Yes,SILVERSCRIPT INSURANCE COMPANY,Aetna Medicare,SilverScript Group SF (PDP),CVS Health Corporation,01/01/2006
S5601,808,Medicare Prescription Drug Plan,Medicare Prescription Drug Plan,Yes,No,Yes,SILVERSCRIPT INSURANCE COMPANY,Aetna Medicare,SilverScript Group SF - Non Calendar (PDP),CVS Health Corporation,01/01/2006
S5601,809,Medicare Prescription Drug Plan,Medicare Prescription Drug Plan,Yes,No,Yes,SILVERSCRIPT INSURANCE COMPANY,Aetna Medicare,SilverScript Group SF (PDP),CVS Health Corporation,01/01/2006
S5601,810,Medicare Prescription Drug Plan,Medicare Prescription Drug Plan,Yes,No,Yes,SILVERSCRIPT INSURANCE COMPANY,Aetna Medicare,SilverScript Group SF - Non Calendar (PDP),CVS Health Corporation,01/01/2006
S5601,811,Medicare Prescription Drug Plan,Medicare Prescription Drug Plan,Yes,No,Yes,SILVERSCRIPT INSURANCE COMPANY,Aetna Medicare,SilverScript Group - State of NY (PDP),CVS Health Corporation,01/01/2006
S5601,812,Medicare Prescription Drug Plan,Medicare Prescription Drug Plan,Yes,No,Yes,SILVERSCRIPT INSURANCE COMPANY,Aetna Medicare,SilverScript Group SF- Titanium (PDP),CVS Health Corporation,01/01/2006
S5601,813,Medicare Prescription Drug Plan,Medicare Prescription Drug Plan,Yes,No,Yes,SILVERSCRIPT INSURANCE COMPANY,Aetna Medicare,SilverScript Group SF (PDP),CVS Health Corporation,01/01/2006
S5601,814,Medicare Prescription Drug Plan,Medicare Prescription Drug Plan,Yes,No,Yes,SILVERSCRIPT INSURANCE COMPANY,Aetna Medicare,AMRx SilverScript-FI-Standalone MA+PDP Signature+ (PDP),CVS Health Corporation,01/01/2006
S5601,815,Medicare Prescription Drug Plan,Medicare Prescription Drug Plan,Yes,No,Yes,SILVERSCRIPT INSURANCE COMPANY,Aetna Medicare,SilverScript Group SF (PDP),CVS Health Corporation,01/01/2006
S5601,816,Medicare Prescription Drug Plan,Medicare Prescription Drug Plan,Yes,No,Yes,SILVERSCRIPT INSURANCE COMPANY,Aetna Medicare,Aetna Medicare Rx offered by SilverScript - FI (PDP),CVS Health Corporation,01/01/2006
S5601,818,Medicare Prescription Drug Plan,Medicare Prescription Drug Plan,Yes,No,Yes,SILVERSCRIPT INSURANCE COMPANY,Aetna Medicare,Aetna Medicare Rx offered by SilverScript - SF (PDP),CVS Health Corporation,01/01/2006
S5601,820,Medicare Prescription Drug Plan,Medicare Prescription Drug Plan,Yes,No,Yes,SILVERSCRIPT INSURANCE COMPANY,Aetna Medicare,Aetna Medicare Rx offered by SilverScript - DC (PDP),CVS Health Corporation,01/01/2006
S5601,822,Medicare Prescription Drug Plan,Medicare Prescription Drug Plan,Yes,No,Yes,SILVERSCRIPT INSURANCE COMPANY,Aetna Medicare,AMRx SilverScript - FI - Standalone MA+PDP (PDP),CVS Health Corporation,01/01/2006
S5601,823,Medicare Prescription Drug Plan,Medicare Prescription Drug Plan,Yes,No,Yes,SILVERSCRIPT INSURANCE COMPANY,Aetna Medicare,AMRx SilverScript-SF-Standalone MA+PDP (PDP),CVS Health Corporation,01/01/2006
S5601,824,Medicare Prescription Drug Plan,Medicare Prescription Drug Plan,Yes,No,Yes,SILVERSCRIPT INSURANCE COMPANY,Aetna Medicare,SilverScript Group-SF-Standalone MA+PDP (PDP),CVS Health Corporation,01/01/2006
S5601,825,Medicare Prescription Drug Plan,Medicare Prescription Drug Plan,Yes,No,Yes,SILVERSCRIPT INSURANCE COMPANY,Aetna Medicare,SilverScript Group SF AET - Standalone MA+PDP (PDP),CVS Health Corporation,01/01/2006
S5601,826,Medicare Prescription Drug Plan,Medicare Prescription Drug Plan,Yes,No,Yes,SILVERSCRIPT INSURANCE COMPANY,Aetna Medicare,SilverScript Group - CalPERS (PDP),CVS Health Corporation,01/01/2006
S5617,003,Medicare Prescription Drug Plan,Medicare Prescription Drug Plan,Yes,No,No,MEDCO CONTAINMENT LIFE AND MEDCO CONTAINMENT NY,HealthSpring,HealthSpring Assurance Rx (PDP),Health Care Service Corporation,01/01/2006
S5617,008,Medicare Prescription Drug Plan,Medicare Prescription Drug Plan,Yes,No,No,MEDCO CONTAINMENT LIFE AND MEDCO CONTAINMENT NY,HealthSpring,HealthSpring Assurance Rx (PDP),Health Care Service Corporation,01/01/2006
S5617,013,Medicare Prescription Drug Plan,Medicare Prescription Drug Plan,Yes,No,No,MEDCO CONTAINMENT LIFE AND MEDCO CONTAINMENT NY,HealthSpring,HealthSpring Assurance Rx (PDP),Health Care Service Corporation,01/01/2006
S5617,018,Medicare Prescription Drug Plan,Medicare Prescription Drug Plan,Yes,No,No,MEDCO CONTAINMENT LIFE AND MEDCO CONTAINMENT NY,HealthSpring,HealthSpring Assurance Rx (PDP),Health Care Service Corporation,01/01/2006
S5617,068,Medicare Prescription Drug Plan,Medicare Prescription Drug Plan,Yes,No,No,MEDCO CONTAINMENT LIFE AND MEDCO CONTAINMENT NY,HealthSpring,HealthSpring Assurance Rx (PDP),Health Care Service Corporation,01/01/2006
S5617,088,Medicare Prescription Drug Plan,Medicare Prescription Drug Plan,Yes,No,No,MEDCO CONTAINMENT LIFE AND MEDCO CONTAINMENT NY,HealthSpring,HealthSpring Assurance Rx (PDP),Health Care Service Corporation,01/01/2006
S5617,103,Medicare Prescription Drug Plan,Medicare Prescription Drug Plan,Yes,No,No,MEDCO CONTAINMENT LIFE AND MEDCO CONTAINMENT NY,HealthSpring,HealthSpring Assurance Rx (PDP),Health Care Service Corporation,01/01/2006
S5617,108,Medicare Prescription Drug Plan,Medicare Prescription Drug Plan,Yes,No,No,MEDCO CONTAINMENT LIFE AND MEDCO CONTAINMENT NY,HealthSpring,HealthSpring Assurance Rx (PDP),Health Care Service Corporation,01/01/2006
S5617,113,Medicare Prescription Drug Plan,Medicare Prescription Drug Plan,Yes,No,No,MEDCO CONTAINMENT LIFE AND MEDCO CONTAINMENT NY,HealthSpring,HealthSpring Assurance Rx (PDP),Health Care Service Corporation,01/01/2006
S5617,118,Medicare Prescription Drug Plan,Medicare Prescription Drug Plan,Yes,No,No,MEDCO CONTAINMENT LIFE AND MEDCO CONTAINMENT NY,HealthSpring,HealthSpring Assurance Rx (PDP),Health Care Service Corporation,01/01/2006
S5617,123,Medicare Prescription Drug Plan,Medicare Prescription Drug Plan,Yes,No,No,MEDCO CONTAINMENT LIFE AND MEDCO CONTAINMENT NY,HealthSpring,HealthSpring Assurance Rx (PDP),Health Care Service Corporation,01/01/2006
S5617,128,Medicare Prescription Drug Plan,Medicare Prescription Drug Plan,Yes,No,No,MEDCO CONTAINMENT LIFE AND MEDCO CONTAINMENT NY,HealthSpring,HealthSpring Assurance Rx (PDP),Health Care Service Corporation,01/01/2006
S5617,133,Medicare Prescription Drug Plan,Medicare Prescription Drug Plan,Yes,No,No,MEDCO CONTAINMENT LIFE AND MEDCO CONTAINMENT NY,HealthSpring,HealthSpring Assurance Rx (PDP),Health Care Service Corporation,01/01/2006
S5617,138,Medicare Prescription Drug Plan,Medicare Prescription Drug Plan,Yes,No,No,MEDCO CONTAINMENT LIFE AND MEDCO CONTAINMENT NY,HealthSpring,HealthSpring Assurance Rx (PDP),Health Care Service Corporation,01/01/2006
S5617,143,Medicare Prescription Drug Plan,Medicare Prescription Drug Plan,Yes,No,No,MEDCO CONTAINMENT LIFE AND MEDCO CONTAINMENT NY,HealthSpring,HealthSpring Assurance Rx (PDP),Health Care Service Corporation,01/01/2006
S5617,148,Medicare Prescription Drug Plan,Medicare Prescription Drug Plan,Yes,No,No,MEDCO CONTAINMENT LIFE AND MEDCO CONTAINMENT NY,HealthSpring,HealthSpring Assurance Rx (PDP),Health Care Service Corporation,01/01/2006
S5617,153,Medicare Prescription Drug Plan,Medicare Prescription Drug Plan,Yes,No,No,MEDCO CONTAINMENT LIFE AND MEDCO CONTAINMENT NY,HealthSpring,HealthSpring Assurance Rx (PDP),Health Care Service Corporation,01/01/2006
S5617,158,Medicare Prescription Drug Plan,Medicare Prescription Drug Plan,Yes,No,No,MEDCO CONTAINMENT LIFE AND MEDCO CONTAINMENT NY,HealthSpring,HealthSpring Assurance Rx (PDP),Health Care Service Corporation,01/01/2006
S5617,214,Medicare Prescription Drug Plan,Medicare Prescription Drug Plan,Yes,No,No,MEDCO CONTAINMENT LIFE AND MEDCO CONTAINMENT NY,HealthSpring,HealthSpring Assurance Rx (PDP),Health Care Service Corporation,01/01/2006
S5617,215,Medicare Prescription Drug Plan,Medicare Prescription Drug Plan,Yes,No,No,MEDCO CONTAINMENT LIFE AND MEDCO CONTAINMENT NY,HealthSpring,HealthSpring Assurance Rx (PDP),Health Care Service Corporation,01/01/2006
S5617,216,Medicare Prescription Drug Plan,Medicare Prescription Drug Plan,Yes,No,No,MEDCO CONTAINMENT LIFE AND MEDCO CONTAINMENT NY,HealthSpring,HealthSpring Assurance Rx (PDP),Health Care Service Corporation,01/01/2006
S5617,217,Medicare Prescription Drug Plan,Medicare Prescription Drug Plan,Yes,No,No,MEDCO CONTAINMENT LIFE AND MEDCO CONTAINMENT NY,HealthSpring,HealthSpring Assurance Rx (PDP),Health Care Service Corporation,01/01/2006
S5617,218,Medicare Prescription Drug Plan,Medicare Prescription Drug Plan,Yes,No,No,MEDCO CONTAINMENT LIFE AND MEDCO CONTAINMENT NY,HealthSpring,HealthSpring Assurance Rx (PDP),Health Care Service Corporation,01/01/2006
S5617,219,Medicare Prescription Drug Plan,Medicare Prescription Drug Plan,Yes,No,No,MEDCO CONTAINMENT LIFE AND MEDCO CONTAINMENT NY,HealthSpring,HealthSpring Assurance Rx (PDP),Health Care Service Corporation,01/01/2006
S5617,220,Medicare Prescription Drug Plan,Medicare Prescription Drug Plan,Yes,No,No,MEDCO CONTAINMENT LIFE AND MEDCO CONTAINMENT NY,HealthSpring,HealthSpring Assurance Rx (PDP),Health Care Service Corporation,01/01/2006
S5617,221,Medicare Prescription Drug Plan,Medicare Prescription Drug Plan,Yes,No,No,MEDCO CONTAINMENT LIFE AND MEDCO CONTAINMENT NY,HealthSpring,HealthSpring Assurance Rx (PDP),Health Care Service Corporation,01/01/2006
S5617,222,Medicare Prescription Drug Plan,Medicare Prescription Drug Plan,Yes,No,No,MEDCO CONTAINMENT LIFE AND MEDCO CONTAINMENT NY,HealthSpring,HealthSpring Assurance Rx (PDP),Health Care Service Corporation,01/01/2006
S5617,223,Medicare Prescription Drug Plan,Medicare Prescription Drug Plan,Yes,No,No,MEDCO CONTAINMENT LIFE AND MEDCO CONTAINMENT NY,HealthSpring,HealthSpring Assurance Rx (PDP),Health Care Service Corporation,01/01/2006
S5617,224,Medicare Prescription Drug Plan,Medicare Prescription Drug Plan,Yes,No,No,MEDCO CONTAINMENT LIFE AND MEDCO CONTAINMENT NY,HealthSpring,HealthSpring Assurance Rx (PDP),Health Care Service Corporation,01/01/2006
S5617,225,Medicare Prescription Drug Plan,Medicare Prescription Drug Plan,Yes,No,No,MEDCO CONTAINMENT LIFE AND MEDCO CONTAINMENT NY,HealthSpring,HealthSpring Assurance Rx (PDP),Health Care Service Corporation,01/01/2006
S5617,226,Medicare Prescription Drug Plan,Medicare Prescription Drug Plan,Yes,No,No,MEDCO CONTAINMENT LIFE AND MEDCO CONTAINMENT NY,HealthSpring,HealthSpring Assurance Rx (PDP),Health Care Service Corporation,01/01/2006
S5617,227,Medicare Prescription Drug Plan,Medicare Prescription Drug Plan,Yes,No,No,MEDCO CONTAINMENT LIFE AND MEDCO CONTAINMENT NY,HealthSpring,HealthSpring Assurance Rx (PDP),Health Care Service Corporation,01/01/2006
S5617,348,Medicare Prescription Drug Plan,Medicare Prescription Drug Plan,Yes,No,No,MEDCO CONTAINMENT LIFE AND MEDCO CONTAINMENT NY,HealthSpring,HealthSpring Assurance Rx (PDP),Health Care Service Corporation,01/01/2006
S5617,353,Medicare Prescription Drug Plan,Medicare Prescription Drug Plan,Yes,No,No,MEDCO CONTAINMENT LIFE AND MEDCO CONTAINMENT NY,HealthSpring,HealthSpring Extra Rx (PDP),Health Care Service Corporation,01/01/2006
S5617,354,Medicare Prescription Drug Plan,Medicare Prescription Drug Plan,Yes,No,No,MEDCO CONTAINMENT LIFE AND MEDCO CONTAINMENT NY,HealthSpring,HealthSpring Extra Rx (PDP),Health Care Service Corporation,01/01/2006
S5617,355,Medicare Prescription Drug Plan,Medicare Prescription Drug Plan,Yes,No,No,MEDCO CONTAINMENT LIFE AND MEDCO CONTAINMENT NY,HealthSpring,HealthSpring Extra Rx (PDP),Health Care Service Corporation,01/01/2006
S5617,356,Medicare Prescription Drug Plan,Medicare Prescription Drug Plan,Yes,No,No,MEDCO CONTAINMENT LIFE AND MEDCO CONTAINMENT NY,HealthSpring,HealthSpring Extra Rx (PDP),Health Care Service Corporation,01/01/2006
S5617,358,Medicare Prescription Drug Plan,Medicare Prescription Drug Plan,Yes,No,No,MEDCO CONTAINMENT LIFE AND MEDCO CONTAINMENT NY,HealthSpring,HealthSpring Extra Rx (PDP),Health Care Service Corporation,01/01/2006
S5617,359,Medicare Prescription Drug Plan,Medicare Prescription Drug Plan,Yes,No,No,MEDCO CONTAINMENT LIFE AND MEDCO CONTAINMENT NY,HealthSpring,HealthSpring Extra Rx (PDP),Health Care Service Corporation,01/01/2006
S5617,360,Medicare Prescription Drug Plan,Medicare Prescription Drug Plan,Yes,No,No,MEDCO CONTAINMENT LIFE AND MEDCO CONTAINMENT NY,HealthSpring,HealthSpring Extra Rx (PDP),Health Care Service Corporation,01/01/2006
S5617,362,Medicare Prescription Drug Plan,Medicare Prescription Drug Plan,Yes,No,No,MEDCO CONTAINMENT LIFE AND MEDCO CONTAINMENT NY,HealthSpring,HealthSpring Extra Rx (PDP),Health Care Service Corporation,01/01/2006
S5617,363,Medicare Prescription Drug Plan,Medicare Prescription Drug Plan,Yes,No,No,MEDCO CONTAINMENT LIFE AND MEDCO CONTAINMENT NY,HealthSpring,HealthSpring Extra Rx (PDP),Health Care Service Corporation,01/01/2006
S5617,364,Medicare Prescription Drug Plan,Medicare Prescription Drug Plan,Yes,No,No,MEDCO CONTAINMENT LIFE AND MEDCO CONTAINMENT NY,HealthSpring,HealthSpring Extra Rx (PDP),Health Care Service Corporation,01/01/2006
S5617,365,Medicare Prescription Drug Plan,Medicare Prescription Drug Plan,Yes,No,No,MEDCO CONTAINMENT LIFE AND MEDCO CONTAINMENT NY,HealthSpring,HealthSpring Extra Rx (PDP),Health Care Service Corporation,01/01/2006
S5617,366,Medicare Prescription Drug Plan,Medicare Prescription Drug Plan,Yes,No,No,MEDCO CONTAINMENT LIFE AND MEDCO CONTAINMENT NY,HealthSpring,HealthSpring Extra Rx (PDP),Health Care Service Corporation,01/01/2006
S5617,367,Medicare Prescription Drug Plan,Medicare Prescription Drug Plan,Yes,No,No,MEDCO CONTAINMENT LIFE AND MEDCO CONTAINMENT NY,HealthSpring,HealthSpring Extra Rx (PDP),Health Care Service Corporation,01/01/2006
S5617,368,Medicare Prescription Drug Plan,Medicare Prescription Drug Plan,Yes,No,No,MEDCO CONTAINMENT LIFE AND MEDCO CONTAINMENT NY,HealthSpring,HealthSpring Extra Rx (PDP),Health Care Service Corporation,01/01/2006
S5617,369,Medicare Prescription Drug Plan,Medicare Prescription Drug Plan,Yes,No,No,MEDCO CONTAINMENT LIFE AND MEDCO CONTAINMENT NY,HealthSpring,HealthSpring Extra Rx (PDP),Health Care Service Corporation,01/01/2006
S5617,370,Medicare Prescription Drug Plan,Medicare Prescription Drug Plan,Yes,No,No,MEDCO CONTAINMENT LIFE AND MEDCO CONTAINMENT NY,HealthSpring,HealthSpring Extra Rx (PDP),Health Care Service Corporation,01/01/2006
S5617,371,Medicare Prescription Drug Plan,Medicare Prescription Drug Plan,Yes,No,No,MEDCO CONTAINMENT LIFE AND MEDCO CONTAINMENT NY,HealthSpring,HealthSpring Extra Rx (PDP),Health Care Service Corporation,01/01/2006
S5617,372,Medicare Prescription Drug Plan,Medicare Prescription Drug Plan,Yes,No,No,MEDCO CONTAINMENT LIFE AND MEDCO CONTAINMENT NY,HealthSpring,HealthSpring Extra Rx (PDP),Health Care Service Corporation,01/01/2006
S5617,373,Medicare Prescription Drug Plan,Medicare Prescription Drug Plan,Yes,No,No,MEDCO CONTAINMENT LIFE AND MEDCO CONTAINMENT NY,HealthSpring,HealthSpring Extra Rx (PDP),Health Care Service Corporation,01/01/2006
S5617,375,Medicare Prescription Drug Plan,Medicare Prescription Drug Plan,Yes,No,No,MEDCO CONTAINMENT LIFE AND MEDCO CONTAINMENT NY,HealthSpring,HealthSpring Extra Rx (PDP),Health Care Service Corporation,01/01/2006
S5617,377,Medicare Prescription Drug Plan,Medicare Prescription Drug Plan,Yes,No,No,MEDCO CONTAINMENT LIFE AND MEDCO CONTAINMENT NY,HealthSpring,HealthSpring Extra Rx (PDP),Health Care Service Corporation,01/01/2006
S5617,378,Medicare Prescription Drug Plan,Medicare Prescription Drug Plan,Yes,No,No,MEDCO CONTAINMENT LIFE AND MEDCO CONTAINMENT NY,HealthSpring,HealthSpring Extra Rx (PDP),Health Care Service Corporation,01/01/2006
S5617,379,Medicare Prescription Drug Plan,Medicare Prescription Drug Plan,Yes,No,No,MEDCO CONTAINMENT LIFE AND MEDCO CONTAINMENT NY,HealthSpring,HealthSpring Extra Rx (PDP),Health Care Service Corporation,01/01/2006
S5617,380,Medicare Prescription Drug Plan,Medicare Prescription Drug Plan,Yes,No,No,MEDCO CONTAINMENT LIFE AND MEDCO CONTAINMENT NY,HealthSpring,HealthSpring Extra Rx (PDP),Health Care Service Corporation,01/01/2006
S5617,381,Medicare Prescription Drug Plan,Medicare Prescription Drug Plan,Yes,No,No,MEDCO CONTAINMENT LIFE AND MEDCO CONTAINMENT NY,HealthSpring,HealthSpring Extra Rx (PDP),Health Care Service Corporation,01/01/2006
S5617,382,Medicare Prescription Drug Plan,Medicare Prescription Drug Plan,Yes,No,No,MEDCO CONTAINMENT LIFE AND MEDCO CONTAINMENT NY,HealthSpring,HealthSpring Extra Rx (PDP),Health Care Service Corporation,01/01/2006
S5617,385,Medicare Prescription Drug Plan,Medicare Prescription Drug Plan,Yes,No,No,MEDCO CONTAINMENT LIFE AND MEDCO CONTAINMENT NY,HealthSpring,HealthSpring Extra Rx (PDP),Health Care Service Corporation,01/01/2006
S5617,801,Medicare Prescription Drug Plan,Medicare Prescription Drug Plan,Yes,No,Yes,MEDCO CONTAINMENT LIFE AND MEDCO CONTAINMENT NY,HealthSpring,HealthSpring RX (PDP),Health Care Service Corporation,01/01/2006
S5617,802,Medicare Prescription Drug Plan,Medicare Prescription Drug Plan,Yes,No,Yes,MEDCO CONTAINMENT LIFE AND MEDCO CONTAINMENT NY,HealthSpring,HealthSpring RX FY (PDP),Health Care Service Corporation,01/01/2006
S5617,805,Medicare Prescription Drug Plan,Medicare Prescription Drug Plan,Yes,No,Yes,MEDCO CONTAINMENT LIFE AND MEDCO CONTAINMENT NY,HealthSpring,HealthSpring RX (PDP),Health Care Service Corporation,01/01/2006
S5617,807,Medicare Prescription Drug Plan,Medicare Prescription Drug Plan,Yes,No,Yes,MEDCO CONTAINMENT LIFE AND MEDCO CONTAINMENT NY,HealthSpring,HealthSpring RX (PDP),Health Care Service Corporation,01/01/2006
S5884,101,Medicare Prescription Drug Plan,Medicare Prescription Drug Plan,Yes,No,No,Humana Insurance Co. & Humana Insurance Co. of NY,Humana,Humana Basic Rx Plan (PDP),Humana Inc.,01/01/2006
S5884,102,Medicare Prescription Drug Plan,Medicare Prescription Drug Plan,Yes,No,No,Humana Insurance Co. & Humana Insurance Co. of NY,Humana,Humana Basic Rx Plan (PDP),Humana Inc.,01/01/2006
S5884,103,Medicare Prescription Drug Plan,Medicare Prescription Drug Plan,Yes,No,No,Humana Insurance Co. & Humana Insurance Co. of NY,Humana,Humana Basic Rx Plan (PDP),Humana Inc.,01/01/2006
S5884,104,Medicare Prescription Drug Plan,Medicare Prescription Drug Plan,Yes,No,No,Humana Insurance Co. & Humana Insurance Co. of NY,Humana,Humana Basic Rx Plan (PDP),Humana Inc.,01/01/2006
S5884,105,Medicare Prescription Drug Plan,Medicare Prescription Drug Plan,Yes,No,No,Humana Insurance Co. & Humana Insurance Co. of NY,Humana,Humana Basic Rx Plan (PDP),Humana Inc.,01/01/2006
S5884,106,Medicare Prescription Drug Plan,Medicare Prescription Drug Plan,Yes,No,No,Humana Insurance Co. & Humana Insurance Co. of NY,Humana,Humana Basic Rx Plan (PDP),Humana Inc.,01/01/2006
S5884,107,Medicare Prescription Drug Plan,Medicare Prescription Drug Plan,Yes,No,No,Humana Insurance Co. & Humana Insurance Co. of NY,Humana,Humana Basic Rx Plan (PDP),Humana Inc.,01/01/2006
S5884,108,Medicare Prescription Drug Plan,Medicare Prescription Drug Plan,Yes,No,No,Humana Insurance Co. & Humana Insurance Co. of NY,Humana,Humana Basic Rx Plan (PDP),Humana Inc.,01/01/2006
S5884,109,Medicare Prescription Drug Plan,Medicare Prescription Drug Plan,Yes,No,No,Humana Insurance Co. & Humana Insurance Co. of NY,Humana,Humana Basic Rx Plan (PDP),Humana Inc.,01/01/2006
S5884,110,Medicare Prescription Drug Plan,Medicare Prescription Drug Plan,Yes,No,No,Humana Insurance Co. & Humana Insurance Co. of NY,Humana,Humana Basic Rx Plan (PDP),Humana Inc.,01/01/2006
S5884,111,Medicare Prescription Drug Plan,Medicare Prescription Drug Plan,Yes,No,No,Humana Insurance Co. & Humana Insurance Co. of NY,Humana,Humana Basic Rx Plan (PDP),Humana Inc.,01/01/2006
S5884,112,Medicare Prescription Drug Plan,Medicare Prescription Drug Plan,Yes,No,No,Humana Insurance Co. & Humana Insurance Co. of NY,Humana,Humana Basic Rx Plan (PDP),Humana Inc.,01/01/2006
S5884,113,Medicare Prescription Drug Plan,Medicare Prescription Drug Plan,Yes,No,No,Humana Insurance Co. & Humana Insurance Co. of NY,Humana,Humana Basic Rx Plan (PDP),Humana Inc.,01/01/2006
S5884,114,Medicare Prescription Drug Plan,Medicare Prescription Drug Plan,Yes,No,No,Humana Insurance Co. & Humana Insurance Co. of NY,Humana,Humana Basic Rx Plan (PDP),Humana Inc.,01/01/2006
S5884,115,Medicare Prescription Drug Plan,Medicare Prescription Drug Plan,Yes,No,No,Humana Insurance Co. & Humana Insurance Co. of NY,Humana,Humana Basic Rx Plan (PDP),Humana Inc.,01/01/2006
S5884,116,Medicare Prescription Drug Plan,Medicare Prescription Drug Plan,Yes,No,No,Humana Insurance Co. & Humana Insurance Co. of NY,Humana,Humana Basic Rx Plan (PDP),Humana Inc.,01/01/2006
S5884,131,Medicare Prescription Drug Plan,Medicare Prescription Drug Plan,Yes,No,No,Humana Insurance Co. & Humana Insurance Co. of NY,Humana,Humana Basic Rx Plan (PDP),Humana Inc.,01/01/2006
S5884,132,Medicare Prescription Drug Plan,Medicare Prescription Drug Plan,Yes,No,No,Humana Insurance Co. & Humana Insurance Co. of NY,Humana,Humana Basic Rx Plan (PDP),Humana Inc.,01/01/2006
S5884,133,Medicare Prescription Drug Plan,Medicare Prescription Drug Plan,Yes,No,No,Humana Insurance Co. & Humana Insurance Co. of NY,Humana,Humana Basic Rx Plan (PDP),Humana Inc.,01/01/2006
S5884,134,Medicare Prescription Drug Plan,Medicare Prescription Drug Plan,Yes,No,No,Humana Insurance Co. & Humana Insurance Co. of NY,Humana,Humana Basic Rx Plan (PDP),Humana Inc.,01/01/2006
S5884,135,Medicare Prescription Drug Plan,Medicare Prescription Drug Plan,Yes,No,No,Humana Insurance Co. & Humana Insurance Co. of NY,Humana,Humana Basic Rx Plan (PDP),Humana Inc.,01/01/2006
S5884,136,Medicare Prescription Drug Plan,Medicare Prescription Drug Plan,Yes,No,No,Humana Insurance Co. & Humana Insurance Co. of NY,Humana,Humana Basic Rx Plan (PDP),Humana Inc.,01/01/2006
S5884,137,Medicare Prescription Drug Plan,Medicare Prescription Drug Plan,Yes,No,No,Humana Insurance Co. & Humana Insurance Co. of NY,Humana,Humana Basic Rx Plan (PDP),Humana Inc.,01/01/2006
S5884,138,Medicare Prescription Drug Plan,Medicare Prescription Drug Plan,Yes,No,No,Humana Insurance Co. & Humana Insurance Co. of NY,Humana,Humana Basic Rx Plan (PDP),Humana Inc.,01/01/2006
S5884,139,Medicare Prescription Drug Plan,Medicare Prescription Drug Plan,Yes,No,No,Humana Insurance Co. & Humana Insurance Co. of NY,Humana,Humana Basic Rx Plan (PDP),Humana Inc.,01/01/2006
S5884,140,Medicare Prescription Drug Plan,Medicare Prescription Drug Plan,Yes,No,No,Humana Insurance Co. & Humana Insurance Co. of NY,Humana,Humana Basic Rx Plan (PDP),Humana Inc.,01/01/2006
S5884,141,Medicare Prescription Drug Plan,Medicare Prescription Drug Plan,Yes,No,No,Humana Insurance Co. & Humana Insurance Co. of NY,Humana,Humana Basic Rx Plan (PDP),Humana Inc.,01/01/2006
S5884,142,Medicare Prescription Drug Plan,Medicare Prescription Drug Plan,Yes,No,No,Humana Insurance Co. & Humana Insurance Co. of NY,Humana,Humana Basic Rx Plan (PDP),Humana Inc.,01/01/2006
S5884,143,Medicare Prescription Drug Plan,Medicare Prescription Drug Plan,Yes,No,No,Humana Insurance Co. & Humana Insurance Co. of NY,Humana,Humana Basic Rx Plan (PDP),Humana Inc.,01/01/2006
S5884,144,Medicare Prescription Drug Plan,Medicare Prescription Drug Plan,Yes,No,No,Humana Insurance Co. & Humana Insurance Co. of NY,Humana,Humana Basic Rx Plan (PDP),Humana Inc.,01/01/2006
S5884,145,Medicare Prescription Drug Plan,Medicare Prescription Drug Plan,Yes,No,No,Humana Insurance Co. & Humana Insurance Co. of NY,Humana,Humana Basic Rx Plan (PDP),Humana Inc.,01/01/2006
S5884,146,Medicare Prescription Drug Plan,Medicare Prescription Drug Plan,Yes,No,No,Humana Insurance Co. & Humana Insurance Co. of NY,Humana,Humana Basic Rx Plan (PDP),Humana Inc.,01/01/2006
S5884,147,Medicare Prescription Drug Plan,Medicare Prescription Drug Plan,Yes,No,No,Humana Insurance Co. & Humana Insurance Co. of NY,Humana,Humana Basic Rx Plan (PDP),Humana Inc.,01/01/2006
S5884,148,Medicare Prescription Drug Plan,Medicare Prescription Drug Plan,Yes,No,No,Humana Insurance Co. & Humana Insurance Co. of NY,Humana,Humana Premier Rx Plan (PDP),Humana Inc.,01/01/2006
S5884,149,Medicare Prescription Drug Plan,Medicare Prescription Drug Plan,Yes,No,No,Humana Insurance Co. & Humana Insurance Co. of NY,Humana,Humana Premier Rx Plan (PDP),Humana Inc.,01/01/2006
S5884,150,Medicare Prescription Drug Plan,Medicare Prescription Drug Plan,Yes,No,No,Humana Insurance Co. & Humana Insurance Co. of NY,Humana,Humana Premier Rx Plan (PDP),Humana Inc.,01/01/2006
S5884,151,Medicare Prescription Drug Plan,Medicare Prescription Drug Plan,Yes,No,No,Humana Insurance Co. & Humana Insurance Co. of NY,Humana,Humana Premier Rx Plan (PDP),Humana Inc.,01/01/2006
S5884,152,Medicare Prescription Drug Plan,Medicare Prescription Drug Plan,Yes,No,No,Humana Insurance Co. & Humana Insurance Co. of NY,Humana,Humana Premier Rx Plan (PDP),Humana Inc.,01/01/2006
S5884,153,Medicare Prescription Drug Plan,Medicare Prescription Drug Plan,Yes,No,No,Humana Insurance Co. & Humana Insurance Co. of NY,Humana,Humana Premier Rx Plan (PDP),Humana Inc.,01/01/2006
S5884,154,Medicare Prescription Drug Plan,Medicare Prescription Drug Plan,Yes,No,No,Humana Insurance Co. & Humana Insurance Co. of NY,Humana,Humana Premier Rx Plan (PDP),Humana Inc.,01/01/2006
S5884,155,Medicare Prescription Drug Plan,Medicare Prescription Drug Plan,Yes,No,No,Humana Insurance Co. & Humana Insurance Co. of NY,Humana,Humana Premier Rx Plan (PDP),Humana Inc.,01/01/2006
S5884,156,Medicare Prescription Drug Plan,Medicare Prescription Drug Plan,Yes,No,No,Humana Insurance Co. & Humana Insurance Co. of NY,Humana,Humana Premier Rx Plan (PDP),Humana Inc.,01/01/2006
S5884,157,Medicare Prescription Drug Plan,Medicare Prescription Drug Plan,Yes,No,No,Humana Insurance Co. & Humana Insurance Co. of NY,Humana,Humana Premier Rx Plan (PDP),Humana Inc.,01/01/2006
S5884,158,Medicare Prescription Drug Plan,Medicare Prescription Drug Plan,Yes,No,No,Humana Insurance Co. & Humana Insurance Co. of NY,Humana,Humana Premier Rx Plan (PDP),Humana Inc.,01/01/2006
S5884,159,Medicare Prescription Drug Plan,Medicare Prescription Drug Plan,Yes,No,No,Humana Insurance Co. & Humana Insurance Co. of NY,Humana,Humana Premier Rx Plan (PDP),Humana Inc.,01/01/2006
S5884,160,Medicare Prescription Drug Plan,Medicare Prescription Drug Plan,Yes,No,No,Humana Insurance Co. & Humana Insurance Co. of NY,Humana,Humana Premier Rx Plan (PDP),Humana Inc.,01/01/2006
S5884,161,Medicare Prescription Drug Plan,Medicare Prescription Drug Plan,Yes,No,No,Humana Insurance Co. & Humana Insurance Co. of NY,Humana,Humana Premier Rx Plan (PDP),Humana Inc.,01/01/2006
S5884,162,Medicare Prescription Drug Plan,Medicare Prescription Drug Plan,Yes,No,No,Humana Insurance Co. & Humana Insurance Co. of NY,Humana,Humana Premier Rx Plan (PDP),Humana Inc.,01/01/2006
S5884,163,Medicare Prescription Drug Plan,Medicare Prescription Drug Plan,Yes,No,No,Humana Insurance Co. & Humana Insurance Co. of NY,Humana,Humana Premier Rx Plan (PDP),Humana Inc.,01/01/2006
S5884,164,Medicare Prescription Drug Plan,Medicare Prescription Drug Plan,Yes,No,No,Humana Insurance Co. & Humana Insurance Co. of NY,Humana,Humana Premier Rx Plan (PDP),Humana Inc.,01/01/2006
S5884,165,Medicare Prescription Drug Plan,Medicare Prescription Drug Plan,Yes,No,No,Humana Insurance Co. & Humana Insurance Co. of NY,Humana,Humana Premier Rx Plan (PDP),Humana Inc.,01/01/2006
S5884,166,Medicare Prescription Drug Plan,Medicare Prescription Drug Plan,Yes,No,No,Humana Insurance Co. & Humana Insurance Co. of NY,Humana,Humana Premier Rx Plan (PDP),Humana Inc.,01/01/2006
S5884,167,Medicare Prescription Drug Plan,Medicare Prescription Drug Plan,Yes,No,No,Humana Insurance Co. & Humana Insurance Co. of NY,Humana,Humana Premier Rx Plan (PDP),Humana Inc.,01/01/2006
S5884,168,Medicare Prescription Drug Plan,Medicare Prescription Drug Plan,Yes,No,No,Humana Insurance Co. & Humana Insurance Co. of NY,Humana,Humana Premier Rx Plan (PDP),Humana Inc.,01/01/2006
S5884,169,Medicare Prescription Drug Plan,Medicare Prescription Drug Plan,Yes,No,No,Humana Insurance Co. & Humana Insurance Co. of NY,Humana,Humana Premier Rx Plan (PDP),Humana Inc.,01/01/2006
S5884,170,Medicare Prescription Drug Plan,Medicare Prescription Drug Plan,Yes,No,No,Humana Insurance Co. & Humana Insurance Co. of NY,Humana,Humana Premier Rx Plan (PDP),Humana Inc.,01/01/2006
S5884,171,Medicare Prescription Drug Plan,Medicare Prescription Drug Plan,Yes,No,No,Humana Insurance Co. & Humana Insurance Co. of NY,Humana,Humana Premier Rx Plan (PDP),Humana Inc.,01/01/2006
S5884,172,Medicare Prescription Drug Plan,Medicare Prescription Drug Plan,Yes,No,No,Humana Insurance Co. & Humana Insurance Co. of NY,Humana,Humana Premier Rx Plan (PDP),Humana Inc.,01/01/2006
S5884,173,Medicare Prescription Drug Plan,Medicare Prescription Drug Plan,Yes,No,No,Humana Insurance Co. & Humana Insurance Co. of NY,Humana,Humana Premier Rx Plan (PDP),Humana Inc.,01/01/2006
S5884,174,Medicare Prescription Drug Plan,Medicare Prescription Drug Plan,Yes,No,No,Humana Insurance Co. & Humana Insurance Co. of NY,Humana,Humana Premier Rx Plan (PDP),Humana Inc.,01/01/2006
S5884,175,Medicare Prescription Drug Plan,Medicare Prescription Drug Plan,Yes,No,No,Humana Insurance Co. & Humana Insurance Co. of NY,Humana,Humana Premier Rx Plan (PDP),Humana Inc.,01/01/2006
S5884,176,Medicare Prescription Drug Plan,Medicare Prescription Drug Plan,Yes,No,No,Humana Insurance Co. & Humana Insurance Co. of NY,Humana,Humana Premier Rx Plan (PDP),Humana Inc.,01/01/2006
S5884,177,Medicare Prescription Drug Plan,Medicare Prescription Drug Plan,Yes,No,No,Humana Insurance Co. & Humana Insurance Co. of NY,Humana,Humana Premier Rx Plan (PDP),Humana Inc.,01/01/2006
S5884,178,Medicare Prescription Drug Plan,Medicare Prescription Drug Plan,Yes,No,No,Humana Insurance Co. & Humana Insurance Co. of NY,Humana,Humana Premier Rx Plan (PDP),Humana Inc.,01/01/2006
S5884,179,Medicare Prescription Drug Plan,Medicare Prescription Drug Plan,Yes,No,No,Humana Insurance Co. & Humana Insurance Co. of NY,Humana,Humana Premier Rx Plan (PDP),Humana Inc.,01/01/2006
S5884,180,Medicare Prescription Drug Plan,Medicare Prescription Drug Plan,Yes,No,No,Humana Insurance Co. & Humana Insurance Co. of NY,Humana,Humana Premier Rx Plan (PDP),Humana Inc.,01/01/2006
S5884,181,Medicare Prescription Drug Plan,Medicare Prescription Drug Plan,Yes,No,No,Humana Insurance Co. & Humana Insurance Co. of NY,Humana,Humana Value Rx Plan (PDP),Humana Inc.,01/01/2006
S5884,182,Medicare Prescription Drug Plan,Medicare Prescription Drug Plan,Yes,No,No,Humana Insurance Co. & Humana Insurance Co. of NY,Humana,Humana Value Rx Plan (PDP),Humana Inc.,01/01/2006
S5884,183,Medicare Prescription Drug Plan,Medicare Prescription Drug Plan,Yes,No,No,Humana Insurance Co. & Humana Insurance Co. of NY,Humana,Humana Value Rx Plan (PDP),Humana Inc.,01/01/2006
S5884,184,Medicare Prescription Drug Plan,Medicare Prescription Drug Plan,Yes,No,No,Humana Insurance Co. & Humana Insurance Co. of NY,Humana,Humana Value Rx Plan (PDP),Humana Inc.,01/01/2006
S5884,185,Medicare Prescription Drug Plan,Medicare Prescription Drug Plan,Yes,No,No,Humana Insurance Co. & Humana Insurance Co. of NY,Humana,Humana Value Rx Plan (PDP),Humana Inc.,01/01/2006
S5884,186,Medicare Prescription Drug Plan,Medicare Prescription Drug Plan,Yes,No,No,Humana Insurance Co. & Humana Insurance Co. of NY,Humana,Humana Value Rx Plan (PDP),Humana Inc.,01/01/2006
S5884,187,Medicare Prescription Drug Plan,Medicare Prescription Drug Plan,Yes,No,No,Humana Insurance Co. & Humana Insurance Co. of NY,Humana,Humana Value Rx Plan (PDP),Humana Inc.,01/01/2006
S5884,188,Medicare Prescription Drug Plan,Medicare Prescription Drug Plan,Yes,No,No,Humana Insurance Co. & Humana Insurance Co. of NY,Humana,Humana Value Rx Plan (PDP),Humana Inc.,01/01/2006
S5884,189,Medicare Prescription Drug Plan,Medicare Prescription Drug Plan,Yes,No,No,Humana Insurance Co. & Humana Insurance Co. of NY,Humana,Humana Value Rx Plan (PDP),Humana Inc.,01/01/2006
S5884,190,Medicare Prescription Drug Plan,Medicare Prescription Drug Plan,Yes,No,No,Humana Insurance Co. & Humana Insurance Co. of NY,Humana,Humana Value Rx Plan (PDP),Humana Inc.,01/01/2006
S5884,191,Medicare Prescription Drug Plan,Medicare Prescription Drug Plan,Yes,No,No,Humana Insurance Co. & Humana Insurance Co. of NY,Humana,Humana Value Rx Plan (PDP),Humana Inc.,01/01/2006
S5884,192,Medicare Prescription Drug Plan,Medicare Prescription Drug Plan,Yes,No,No,Humana Insurance Co. & Humana Insurance Co. of NY,Humana,Humana Value Rx Plan (PDP),Humana Inc.,01/01/2006
S5884,193,Medicare Prescription Drug Plan,Medicare Prescription Drug Plan,Yes,No,No,Humana Insurance Co. & Humana Insurance Co. of NY,Humana,Humana Value Rx Plan (PDP),Humana Inc.,01/01/2006
S5884,194,Medicare Prescription Drug Plan,Medicare Prescription Drug Plan,Yes,No,No,Humana Insurance Co. & Humana Insurance Co. of NY,Humana,Humana Value Rx Plan (PDP),Humana Inc.,01/01/2006
S5884,195,Medicare Prescription Drug Plan,Medicare Prescription Drug Plan,Yes,No,No,Humana Insurance Co. & Humana Insurance Co. of NY,Humana,Humana Value Rx Plan (PDP),Humana Inc.,01/01/2006
S5884,196,Medicare Prescription Drug Plan,Medicare Prescription Drug Plan,Yes,No,No,Humana Insurance Co. & Humana Insurance Co. of NY,Humana,Humana Value Rx Plan (PDP),Humana Inc.,01/01/2006
S5884,197,Medicare Prescription Drug Plan,Medicare Prescription Drug Plan,Yes,No,No,Humana Insurance Co. & Humana Insurance Co. of NY,Humana,Humana Value Rx Plan (PDP),Humana Inc.,01/01/2006
S5884,198,Medicare Prescription Drug Plan,Medicare Prescription Drug Plan,Yes,No,No,Humana Insurance Co. & Humana Insurance Co. of NY,Humana,Humana Value Rx Plan (PDP),Humana Inc.,01/01/2006
S5884,199,Medicare Prescription Drug Plan,Medicare Prescription Drug Plan,Yes,No,No,Humana Insurance Co. & Humana Insurance Co. of NY,Humana,Humana Value Rx Plan (PDP),Humana Inc.,01/01/2006
S5884,200,Medicare Prescription Drug Plan,Medicare Prescription Drug Plan,Yes,No,No,Humana Insurance Co. & Humana Insurance Co. of NY,Humana,Humana Value Rx Plan (PDP),Humana Inc.,01/01/2006
S5884,201,Medicare Prescription Drug Plan,Medicare Prescription Drug Plan,Yes,No,No,Humana Insurance Co. & Humana Insurance Co. of NY,Humana,Humana Value Rx Plan (PDP),Humana Inc.,01/01/2006
S5884,202,Medicare Prescription Drug Plan,Medicare Prescription Drug Plan,Yes,No,No,Humana Insurance Co. & Humana Insurance Co. of NY,Humana,Humana Value Rx Plan (PDP),Humana Inc.,01/01/2006
S5884,203,Medicare Prescription Drug Plan,Medicare Prescription Drug Plan,Yes,No,No,Humana Insurance Co. & Humana Insurance Co. of NY,Humana,Humana Value Rx Plan (PDP),Humana Inc.,01/01/2006
S5884,204,Medicare Prescription Drug Plan,Medicare Prescription Drug Plan,Yes,No,No,Humana Insurance Co. & Humana Insurance Co. of NY,Humana,Humana Value Rx Plan (PDP),Humana Inc.,01/01/2006
S5884,205,Medicare Prescription Drug Plan,Medicare Prescription Drug Plan,Yes,No,No,Humana Insurance Co. & Humana Insurance Co. of NY,Humana,Humana Value Rx Plan (PDP),Humana Inc.,01/01/2006
S5884,206,Medicare Prescription Drug Plan,Medicare Prescription Drug Plan,Yes,No,No,Humana Insurance Co. & Humana Insurance Co. of NY,Humana,Humana Value Rx Plan (PDP),Humana Inc.,01/01/2006
S5884,207,Medicare Prescription Drug Plan,Medicare Prescription Drug Plan,Yes,No,No,Humana Insurance Co. & Humana Insurance Co. of NY,Humana,Humana Value Rx Plan (PDP),Humana Inc.,01/01/2006
S5884,208,Medicare Prescription Drug Plan,Medicare Prescription Drug Plan,Yes,No,No,Humana Insurance Co. & Humana Insurance Co. of NY,Humana,Humana Value Rx Plan (PDP),Humana Inc.,01/01/2006
S5884,209,Medicare Prescription Drug Plan,Medicare Prescription Drug Plan,Yes,No,No,Humana Insurance Co. & Humana Insurance Co. of NY,Humana,Humana Value Rx Plan (PDP),Humana Inc.,01/01/2006
S5884,210,Medicare Prescription Drug Plan,Medicare Prescription Drug Plan,Yes,No,No,Humana Insurance Co. & Humana Insurance Co. of NY,Humana,Humana Value Rx Plan (PDP),Humana Inc.,01/01/2006
S5884,211,Medicare Prescription Drug Plan,Medicare Prescription Drug Plan,Yes,No,No,Humana Insurance Co. & Humana Insurance Co. of NY,Humana,Humana Value Rx Plan (PDP),Humana Inc.,01/01/2006
S5884,212,Medicare Prescription Drug Plan,Medicare Prescription Drug Plan,Yes,No,No,Humana Insurance Co. & Humana Insurance Co. of NY,Humana,Humana Value Rx Plan (PDP),Humana Inc.,01/01/2006
S5884,213,Medicare Prescription Drug Plan,Medicare Prescription Drug Plan,Yes,No,No,Humana Insurance Co. & Humana Insurance Co. of NY,Humana,Humana Value Rx Plan (PDP),Humana Inc.,01/01/2006
S5884,216,Medicare Prescription Drug Plan,Medicare Prescription Drug Plan,Yes,No,No,Humana Insurance Co. & Humana Insurance Co. of NY,Humana,Humana Basic Rx Plan (PDP),Humana Inc.,01/01/2006
S5884,217,Medicare Prescription Drug Plan,Medicare Prescription Drug Plan,Yes,No,No,Humana Insurance Co. & Humana Insurance Co. of NY,Humana,Humana Premier Rx Plan (PDP),Humana Inc.,01/01/2006
S5884,218,Medicare Prescription Drug Plan,Medicare Prescription Drug Plan,Yes,No,No,Humana Insurance Co. & Humana Insurance Co. of NY,Humana,Humana Value Rx Plan (PDP),Humana Inc.,01/01/2006
S5884,834,Medicare Prescription Drug Plan,Medicare Prescription Drug Plan,Yes,No,Yes,Humana Insurance Co. & Humana Insurance Co. of NY,Humana,Humana Medicare Employer (PDP),Humana Inc.,01/01/2006
S5884,837,Medicare Prescription Drug Plan,Medicare Prescription Drug Plan,Yes,No,Yes,Humana Insurance Co. & Humana Insurance Co. of NY,Humana,Humana Medicare Employer (PDP),Humana Inc.,01/01/2006
S5884,838,Medicare Prescription Drug Plan,Medicare Prescription Drug Plan,Yes,No,Yes,Humana Insurance Co. & Humana Insurance Co. of NY,Humana,Humana Medicare Employer (PDP),Humana Inc.,01/01/2006
S5921,348,Medicare Prescription Drug Plan,Medicare Prescription Drug Plan,Yes,No,No,UNITEDHEALTHCARE INS. CO. & UHC INS. CO. OF NY,UnitedHealthcare,AARP Medicare Rx Saver from UHC (PDP),"UnitedHealth Group, Inc.",01/01/2006
S5921,349,Medicare Prescription Drug Plan,Medicare Prescription Drug Plan,Yes,No,No,UNITEDHEALTHCARE INS. CO. & UHC INS. CO. OF NY,UnitedHealthcare,AARP Medicare Rx Saver from UHC (PDP),"UnitedHealth Group, Inc.",01/01/2006
S5921,350,Medicare Prescription Drug Plan,Medicare Prescription Drug Plan,Yes,No,No,UNITEDHEALTHCARE INS. CO. & UHC INS. CO. OF NY,UnitedHealthcare,AARP Medicare Rx Saver from UHC (PDP),"UnitedHealth Group, Inc.",01/01/2006
S5921,351,Medicare Prescription Drug Plan,Medicare Prescription Drug Plan,Yes,No,No,UNITEDHEALTHCARE INS. CO. & UHC INS. CO. OF NY,UnitedHealthcare,AARP Medicare Rx Saver from UHC (PDP),"UnitedHealth Group, Inc.",01/01/2006
S5921,352,Medicare Prescription Drug Plan,Medicare Prescription Drug Plan,Yes,No,No,UNITEDHEALTHCARE INS. CO. & UHC INS. CO. OF NY,UnitedHealthcare,AARP Medicare Rx Saver from UHC (PDP),"UnitedHealth Group, Inc.",01/01/2006
S5921,353,Medicare Prescription Drug Plan,Medicare Prescription Drug Plan,Yes,No,No,UNITEDHEALTHCARE INS. CO. & UHC INS. CO. OF NY,UnitedHealthcare,AARP Medicare Rx Saver from UHC (PDP),"UnitedHealth Group, Inc.",01/01/2006
S5921,354,Medicare Prescription Drug Plan,Medicare Prescription Drug Plan,Yes,No,No,UNITEDHEALTHCARE INS. CO. & UHC INS. CO. OF NY,UnitedHealthcare,AARP Medicare Rx Saver from UHC (PDP),"UnitedHealth Group, Inc.",01/01/2006
S5921,355,Medicare Prescription Drug Plan,Medicare Prescription Drug Plan,Yes,No,No,UNITEDHEALTHCARE INS. CO. & UHC INS. CO. OF NY,UnitedHealthcare,AARP Medicare Rx Saver from UHC (PDP),"UnitedHealth Group, Inc.",01/01/2006
S5921,356,Medicare Prescription Drug Plan,Medicare Prescription Drug Plan,Yes,No,No,UNITEDHEALTHCARE INS. CO. & UHC INS. CO. OF NY,UnitedHealthcare,AARP Medicare Rx Saver from UHC (PDP),"UnitedHealth Group, Inc.",01/01/2006
S5921,357,Medicare Prescription Drug Plan,Medicare Prescription Drug Plan,Yes,No,No,UNITEDHEALTHCARE INS. CO. & UHC INS. CO. OF NY,UnitedHealthcare,AARP Medicare Rx Saver from UHC (PDP),"UnitedHealth Group, Inc.",01/01/2006
S5921,358,Medicare Prescription Drug Plan,Medicare Prescription Drug Plan,Yes,No,No,UNITEDHEALTHCARE INS. CO. & UHC INS. CO. OF NY,UnitedHealthcare,AARP Medicare Rx Saver from UHC (PDP),"UnitedHealth Group, Inc.",01/01/2006
S5921,359,Medicare Prescription Drug Plan,Medicare Prescription Drug Plan,Yes,No,No,UNITEDHEALTHCARE INS. CO. & UHC INS. CO. OF NY,UnitedHealthcare,AARP Medicare Rx Saver from UHC (PDP),"UnitedHealth Group, Inc.",01/01/2006
S5921,360,Medicare Prescription Drug Plan,Medicare Prescription Drug Plan,Yes,No,No,UNITEDHEALTHCARE INS. CO. & UHC INS. CO. OF NY,UnitedHealthcare,AARP Medicare Rx Saver from UHC (PDP),"UnitedHealth Group, Inc.",01/01/2006
S5921,361,Medicare Prescription Drug Plan,Medicare Prescription Drug Plan,Yes,No,No,UNITEDHEALTHCARE INS. CO. & UHC INS. CO. OF NY,UnitedHealthcare,AARP Medicare Rx Saver from UHC (PDP),"UnitedHealth Group, Inc.",01/01/2006
S5921,362,Medicare Prescription Drug Plan,Medicare Prescription Drug Plan,Yes,No,No,UNITEDHEALTHCARE INS. CO. & UHC INS. CO. OF NY,UnitedHealthcare,AARP Medicare Rx Saver from UHC (PDP),"UnitedHealth Group, Inc.",01/01/2006
S5921,363,Medicare Prescription Drug Plan,Medicare Prescription Drug Plan,Yes,No,No,UNITEDHEALTHCARE INS. CO. & UHC INS. CO. OF NY,UnitedHealthcare,AARP Medicare Rx Saver from UHC (PDP),"UnitedHealth Group, Inc.",01/01/2006
S5921,364,Medicare Prescription Drug Plan,Medicare Prescription Drug Plan,Yes,No,No,UNITEDHEALTHCARE INS. CO. & UHC INS. CO. OF NY,UnitedHealthcare,AARP Medicare Rx Saver from UHC (PDP),"UnitedHealth Group, Inc.",01/01/2006
S5921,365,Medicare Prescription Drug Plan,Medicare Prescription Drug Plan,Yes,No,No,UNITEDHEALTHCARE INS. CO. & UHC INS. CO. OF NY,UnitedHealthcare,AARP Medicare Rx Saver from UHC (PDP),"UnitedHealth Group, Inc.",01/01/2006
S5921,366,Medicare Prescription Drug Plan,Medicare Prescription Drug Plan,Yes,No,No,UNITEDHEALTHCARE INS. CO. & UHC INS. CO. OF NY,UnitedHealthcare,AARP Medicare Rx Saver from UHC (PDP),"UnitedHealth Group, Inc.",01/01/2006
S5921,367,Medicare Prescription Drug Plan,Medicare Prescription Drug Plan,Yes,No,No,UNITEDHEALTHCARE INS. CO. & UHC INS. CO. OF NY,UnitedHealthcare,AARP Medicare Rx Saver from UHC (PDP),"UnitedHealth Group, Inc.",01/01/2006
S5921,368,Medicare Prescription Drug Plan,Medicare Prescription Drug Plan,Yes,No,No,UNITEDHEALTHCARE INS. CO. & UHC INS. CO. OF NY,UnitedHealthcare,AARP Medicare Rx Saver from UHC (PDP),"UnitedHealth Group, Inc.",01/01/2006
S5921,369,Medicare Prescription Drug Plan,Medicare Prescription Drug Plan,Yes,No,No,UNITEDHEALTHCARE INS. CO. & UHC INS. CO. OF NY,UnitedHealthcare,AARP Medicare Rx Saver from UHC (PDP),"UnitedHealth Group, Inc.",01/01/2006
S5921,370,Medicare Prescription Drug Plan,Medicare Prescription Drug Plan,Yes,No,No,UNITEDHEALTHCARE INS. CO. & UHC INS. CO. OF NY,UnitedHealthcare,AARP Medicare Rx Saver from UHC (PDP),"UnitedHealth Group, Inc.",01/01/2006
S5921,371,Medicare Prescription Drug Plan,Medicare Prescription Drug Plan,Yes,No,No,UNITEDHEALTHCARE INS. CO. & UHC INS. CO. OF NY,UnitedHealthcare,AARP Medicare Rx Saver from UHC (PDP),"UnitedHealth Group, Inc.",01/01/2006
S5921,372,Medicare Prescription Drug Plan,Medicare Prescription Drug Plan,Yes,No,No,UNITEDHEALTHCARE INS. CO. & UHC INS. CO. OF NY,UnitedHealthcare,AARP Medicare Rx Saver from UHC (PDP),"UnitedHealth Group, Inc.",01/01/2006
S5921,373,Medicare Prescription Drug Plan,Medicare Prescription Drug Plan,Yes,No,No,UNITEDHEALTHCARE INS. CO. & UHC INS. CO. OF NY,UnitedHealthcare,AARP Medicare Rx Saver from UHC (PDP),"UnitedHealth Group, Inc.",01/01/2006
S5921,374,Medicare Prescription Drug Plan,Medicare Prescription Drug Plan,Yes,No,No,UNITEDHEALTHCARE INS. CO. & UHC INS. CO. OF NY,UnitedHealthcare,AARP Medicare Rx Saver from UHC (PDP),"UnitedHealth Group, Inc.",01/01/2006
S5921,375,Medicare Prescription Drug Plan,Medicare Prescription Drug Plan,Yes,No,No,UNITEDHEALTHCARE INS. CO. & UHC INS. CO. OF NY,UnitedHealthcare,AARP Medicare Rx Saver from UHC (PDP),"UnitedHealth Group, Inc.",01/01/2006
S5921,376,Medicare Prescription Drug Plan,Medicare Prescription Drug Plan,Yes,No,No,UNITEDHEALTHCARE INS. CO. & UHC INS. CO. OF NY,UnitedHealthcare,AARP Medicare Rx Saver from UHC (PDP),"UnitedHealth Group, Inc.",01/01/2006
S5921,377,Medicare Prescription Drug Plan,Medicare Prescription Drug Plan,Yes,No,No,UNITEDHEALTHCARE INS. CO. & UHC INS. CO. OF NY,UnitedHealthcare,AARP Medicare Rx Saver from UHC (PDP),"UnitedHealth Group, Inc.",01/01/2006
S5921,378,Medicare Prescription Drug Plan,Medicare Prescription Drug Plan,Yes,No,No,UNITEDHEALTHCARE INS. CO. & UHC INS. CO. OF NY,UnitedHealthcare,AARP Medicare Rx Saver from UHC (PDP),"UnitedHealth Group, Inc.",01/01/2006
S5921,379,Medicare Prescription Drug Plan,Medicare Prescription Drug Plan,Yes,No,No,UNITEDHEALTHCARE INS. CO. & UHC INS. CO. OF NY,UnitedHealthcare,AARP Medicare Rx Saver from UHC (PDP),"UnitedHealth Group, Inc.",01/01/2006
S5921,380,Medicare Prescription Drug Plan,Medicare Prescription Drug Plan,Yes,No,No,UNITEDHEALTHCARE INS. CO. & UHC INS. CO. OF NY,UnitedHealthcare,AARP Medicare Rx Saver from UHC (PDP),"UnitedHealth Group, Inc.",01/01/2006
S5921,381,Medicare Prescription Drug Plan,Medicare Prescription Drug Plan,Yes,No,No,UNITEDHEALTHCARE INS. CO. & UHC INS. CO. OF NY,UnitedHealthcare,AARP Medicare Rx Saver from UHC (PDP),"UnitedHealth Group, Inc.",01/01/2006
S5921,382,Medicare Prescription Drug Plan,Medicare Prescription Drug Plan,Yes,No,No,UNITEDHEALTHCARE INS. CO. & UHC INS. CO. OF NY,UnitedHealthcare,AARP Medicare Rx Preferred from UHC (PDP),"UnitedHealth Group, Inc.",01/01/2006
S5921,383,Medicare Prescription Drug Plan,Medicare Prescription Drug Plan,Yes,No,No,UNITEDHEALTHCARE INS. CO. & UHC INS. CO. OF NY,UnitedHealthcare,AARP Medicare Rx Preferred from UHC (PDP),"UnitedHealth Group, Inc.",01/01/2006
S5921,384,Medicare Prescription Drug Plan,Medicare Prescription Drug Plan,Yes,No,No,UNITEDHEALTHCARE INS. CO. & UHC INS. CO. OF NY,UnitedHealthcare,AARP Medicare Rx Preferred from UHC (PDP),"UnitedHealth Group, Inc.",01/01/2006
S5921,385,Medicare Prescription Drug Plan,Medicare Prescription Drug Plan,Yes,No,No,UNITEDHEALTHCARE INS. CO. & UHC INS. CO. OF NY,UnitedHealthcare,AARP Medicare Rx Preferred from UHC (PDP),"UnitedHealth Group, Inc.",01/01/2006
S5921,386,Medicare Prescription Drug Plan,Medicare Prescription Drug Plan,Yes,No,No,UNITEDHEALTHCARE INS. CO. & UHC INS. CO. OF NY,UnitedHealthcare,AARP Medicare Rx Preferred from UHC (PDP),"UnitedHealth Group, Inc.",01/01/2006
S5921,387,Medicare Prescription Drug Plan,Medicare Prescription Drug Plan,Yes,No,No,UNITEDHEALTHCARE INS. CO. & UHC INS. CO. OF NY,UnitedHealthcare,AARP Medicare Rx Preferred from UHC (PDP),"UnitedHealth Group, Inc.",01/01/2006
S5921,388,Medicare Prescription Drug Plan,Medicare Prescription Drug Plan,Yes,No,No,UNITEDHEALTHCARE INS. CO. & UHC INS. CO. OF NY,UnitedHealthcare,AARP Medicare Rx Preferred from UHC (PDP),"UnitedHealth Group, Inc.",01/01/2006
S5921,389,Medicare Prescription Drug Plan,Medicare Prescription Drug Plan,Yes,No,No,UNITEDHEALTHCARE INS. CO. & UHC INS. CO. OF NY,UnitedHealthcare,AARP Medicare Rx Preferred from UHC (PDP),"UnitedHealth Group, Inc.",01/01/2006
S5921,390,Medicare Prescription Drug Plan,Medicare Prescription Drug Plan,Yes,No,No,UNITEDHEALTHCARE INS. CO. & UHC INS. CO. OF NY,UnitedHealthcare,AARP Medicare Rx Preferred from UHC (PDP),"UnitedHealth Group, Inc.",01/01/2006
S5921,391,Medicare Prescription Drug Plan,Medicare Prescription Drug Plan,Yes,No,No,UNITEDHEALTHCARE INS. CO. & UHC INS. CO. OF NY,UnitedHealthcare,AARP Medicare Rx Preferred from UHC (PDP),"UnitedHealth Group, Inc.",01/01/2006
S5921,392,Medicare Prescription Drug Plan,Medicare Prescription Drug Plan,Yes,No,No,UNITEDHEALTHCARE INS. CO. & UHC INS. CO. OF NY,UnitedHealthcare,AARP Medicare Rx Preferred from UHC (PDP),"UnitedHealth Group, Inc.",01/01/2006
S5921,393,Medicare Prescription Drug Plan,Medicare Prescription Drug Plan,Yes,No,No,UNITEDHEALTHCARE INS. CO. & UHC INS. CO. OF NY,UnitedHealthcare,AARP Medicare Rx Preferred from UHC (PDP),"UnitedHealth Group, Inc.",01/01/2006
S5921,394,Medicare Prescription Drug Plan,Medicare Prescription Drug Plan,Yes,No,No,UNITEDHEALTHCARE INS. CO. & UHC INS. CO. OF NY,UnitedHealthcare,AARP Medicare Rx Preferred from UHC (PDP),"UnitedHealth Group, Inc.",01/01/2006
S5921,395,Medicare Prescription Drug Plan,Medicare Prescription Drug Plan,Yes,No,No,UNITEDHEALTHCARE INS. CO. & UHC INS. CO. OF NY,UnitedHealthcare,AARP Medicare Rx Preferred from UHC (PDP),"UnitedHealth Group, Inc.",01/01/2006
S5921,396,Medicare Prescription Drug Plan,Medicare Prescription Drug Plan,Yes,No,No,UNITEDHEALTHCARE INS. CO. & UHC INS. CO. OF NY,UnitedHealthcare,AARP Medicare Rx Preferred from UHC (PDP),"UnitedHealth Group, Inc.",01/01/2006
S5921,397,Medicare Prescription Drug Plan,Medicare Prescription Drug Plan,Yes,No,No,UNITEDHEALTHCARE INS. CO. & UHC INS. CO. OF NY,UnitedHealthcare,AARP Medicare Rx Preferred from UHC (PDP),"UnitedHealth Group, Inc.",01/01/2006
S5921,398,Medicare Prescription Drug Plan,Medicare Prescription Drug Plan,Yes,No,No,UNITEDHEALTHCARE INS. CO. & UHC INS. CO. OF NY,UnitedHealthcare,AARP Medicare Rx Preferred from UHC (PDP),"UnitedHealth Group, Inc.",01/01/2006
S5921,399,Medicare Prescription Drug Plan,Medicare Prescription Drug Plan,Yes,No,No,UNITEDHEALTHCARE INS. CO. & UHC INS. CO. OF NY,UnitedHealthcare,AARP Medicare Rx Preferred from UHC (PDP),"UnitedHealth Group, Inc.",01/01/2006
S5921,400,Medicare Prescription Drug Plan,Medicare Prescription Drug Plan,Yes,No,No,UNITEDHEALTHCARE INS. CO. & UHC INS. CO. OF NY,UnitedHealthcare,AARP Medicare Rx Preferred from UHC (PDP),"UnitedHealth Group, Inc.",01/01/2006
S5921,401,Medicare Prescription Drug Plan,Medicare Prescription Drug Plan,Yes,No,No,UNITEDHEALTHCARE INS. CO. & UHC INS. CO. OF NY,UnitedHealthcare,AARP Medicare Rx Preferred from UHC (PDP),"UnitedHealth Group, Inc.",01/01/2006
S5921,402,Medicare Prescription Drug Plan,Medicare Prescription Drug Plan,Yes,No,No,UNITEDHEALTHCARE INS. CO. & UHC INS. CO. OF NY,UnitedHealthcare,AARP Medicare Rx Preferred from UHC (PDP),"UnitedHealth Group, Inc.",01/01/2006
S5921,403,Medicare Prescription Drug Plan,Medicare Prescription Drug Plan,Yes,No,No,UNITEDHEALTHCARE INS. CO. & UHC INS. CO. OF NY,UnitedHealthcare,AARP Medicare Rx Preferred from UHC (PDP),"UnitedHealth Group, Inc.",01/01/2006
S5921,404,Medicare Prescription Drug Plan,Medicare Prescription Drug Plan,Yes,No,No,UNITEDHEALTHCARE INS. CO. & UHC INS. CO. OF NY,UnitedHealthcare,AARP Medicare Rx Preferred from UHC (PDP),"UnitedHealth Group, Inc.",01/01/2006
S5921,405,Medicare Prescription Drug Plan,Medicare Prescription Drug Plan,Yes,No,No,UNITEDHEALTHCARE INS. CO. & UHC INS. CO. OF NY,UnitedHealthcare,AARP Medicare Rx Preferred from UHC (PDP),"UnitedHealth Group, Inc.",01/01/2006
S5921,406,Medicare Prescription Drug Plan,Medicare Prescription Drug Plan,Yes,No,No,UNITEDHEALTHCARE INS. CO. & UHC INS. CO. OF NY,UnitedHealthcare,AARP Medicare Rx Preferred from UHC (PDP),"UnitedHealth Group, Inc.",01/01/2006
S5921,407,Medicare Prescription Drug Plan,Medicare Prescription Drug Plan,Yes,No,No,UNITEDHEALTHCARE INS. CO. & UHC INS. CO. OF NY,UnitedHealthcare,AARP Medicare Rx Preferred from UHC (PDP),"UnitedHealth Group, Inc.",01/01/2006
S5921,408,Medicare Prescription Drug Plan,Medicare Prescription Drug Plan,Yes,No,No,UNITEDHEALTHCARE INS. CO. & UHC INS. CO. OF NY,UnitedHealthcare,AARP Medicare Rx Preferred from UHC (PDP),"UnitedHealth Group, Inc.",01/01/2006
S5921,409,Medicare Prescription Drug Plan,Medicare Prescription Drug Plan,Yes,No,No,UNITEDHEALTHCARE INS. CO. & UHC INS. CO. OF NY,UnitedHealthcare,AARP Medicare Rx Preferred from UHC (PDP),"UnitedHealth Group, Inc.",01/01/2006
S5921,410,Medicare Prescription Drug Plan,Medicare Prescription Drug Plan,Yes,No,No,UNITEDHEALTHCARE INS. CO. & UHC INS. CO. OF NY,UnitedHealthcare,AARP Medicare Rx Preferred from UHC (PDP),"UnitedHealth Group, Inc.",01/01/2006
S5921,411,Medicare Prescription Drug Plan,Medicare Prescription Drug Plan,Yes,No,No,UNITEDHEALTHCARE INS. CO. & UHC INS. CO. OF NY,UnitedHealthcare,AARP Medicare Rx Preferred from UHC (PDP),"UnitedHealth Group, Inc.",01/01/2006
S5921,412,Medicare Prescription Drug Plan,Medicare Prescription Drug Plan,Yes,No,No,UNITEDHEALTHCARE INS. CO. & UHC INS. CO. OF NY,UnitedHealthcare,AARP Medicare Rx Preferred from UHC (PDP),"UnitedHealth Group, Inc.",01/01/2006
S5921,413,Medicare Prescription Drug Plan,Medicare Prescription Drug Plan,Yes,No,No,UNITEDHEALTHCARE INS. CO. & UHC INS. CO. OF NY,UnitedHealthcare,AARP Medicare Rx Preferred from UHC (PDP),"UnitedHealth Group, Inc.",01/01/2006
S5921,414,Medicare Prescription Drug Plan,Medicare Prescription Drug Plan,Yes,No,No,UNITEDHEALTHCARE INS. CO. & UHC INS. CO. OF NY,UnitedHealthcare,AARP Medicare Rx Preferred from UHC (PDP),"UnitedHealth Group, Inc.",01/01/2006
S5921,415,Medicare Prescription Drug Plan,Medicare Prescription Drug Plan,Yes,No,No,UNITEDHEALTHCARE INS. CO. & UHC INS. CO. OF NY,UnitedHealthcare,AARP Medicare Rx Preferred from UHC (PDP),"UnitedHealth Group, Inc.",01/01/2006
S5921,802,Medicare Prescription Drug Plan,Medicare Prescription Drug Plan,Yes,No,Yes,UNITEDHEALTHCARE INS. CO. & UHC INS. CO. OF NY,UnitedHealthcare,UnitedHealthcare MedicareRx for Groups (PDP),"UnitedHealth Group, Inc.",01/01/2006
S5921,837,Medicare Prescription Drug Plan,Medicare Prescription Drug Plan,Yes,No,Yes,UNITEDHEALTHCARE INS. CO. & UHC INS. CO. OF NY,UnitedHealthcare,UnitedHealthcare MedicareRx for Groups (PDP),"UnitedHealth Group, Inc.",01/01/2006
S5921,890,Medicare Prescription Drug Plan,Medicare Prescription Drug Plan,Yes,No,Yes,UNITEDHEALTHCARE INS. CO. & UHC INS. CO. OF NY,UnitedHealthcare,UnitedHealthcare MedicareRx for Groups (PDP),"UnitedHealth Group, Inc.",01/01/2006
S5921,891,Medicare Prescription Drug Plan,Medicare Prescription Drug Plan,Yes,No,Yes,UNITEDHEALTHCARE INS. CO. & UHC INS. CO. OF NY,UnitedHealthcare,UnitedHealthcare MedicareRx for Groups (PDP),"UnitedHealth Group, Inc.",01/01/2006
S5921,892,Medicare Prescription Drug Plan,Medicare Prescription Drug Plan,Yes,No,Yes,UNITEDHEALTHCARE INS. CO. & UHC INS. CO. OF NY,UnitedHealthcare,UnitedHealthcare MedicareRx for Groups (PDP),"UnitedHealth Group, Inc.",01/01/2006
S5921,893,Medicare Prescription Drug Plan,Medicare Prescription Drug Plan,Yes,No,Yes,UNITEDHEALTHCARE INS. CO. & UHC INS. CO. OF NY,UnitedHealthcare,UnitedHealthcare MedicareRx for Groups (PDP),"UnitedHealth Group, Inc.",01/01/2006
S5921,894,Medicare Prescription Drug Plan,Medicare Prescription Drug Plan,Yes,No,Yes,UNITEDHEALTHCARE INS. CO. & UHC INS. CO. OF NY,UnitedHealthcare,UnitedHealthcare MedicareRx for Groups (PDP),"UnitedHealth Group, Inc.",01/01/2006
